iso_code,new_cases_smoothed_per_million,new_deaths_smoothed_per_million,weekly_hosp_admissions_per_million
DEU,,,
DEU,,,
DEU,,,
DEU,,,
DEU,,,
DEU,0.002,0.0,
DEU,0.002,0.0,
DEU,0.002,0.0,
DEU,0.0,0.0,
DEU,0.0,0.0,
DEU,0.0,0.0,
DEU,0.0,0.0,
DEU,0.0,0.0,
DEU,0.0,0.0,
DEU,0.0,0.0,
DEU,0.0,0.0,
DEU,0.0,0.0,
DEU,0.0,0.0,
DEU,0.0,0.0,
DEU,0.0,0.0,
DEU,0.0,0.0,
DEU,0.002,0.0,
DEU,0.002,0.0,
DEU,0.002,0.0,
DEU,0.002,0.0,
DEU,0.002,0.0,
DEU,0.005,0.0,
DEU,0.009,0.0,
DEU,0.007,0.0,
DEU,0.014,0.0,
DEU,0.015,0.0,
DEU,0.015,0.0,
DEU,0.017,0.0,
DEU,0.021,0.0,
DEU,0.021,0.0,
DEU,0.022,0.0,
DEU,0.017,0.0,
DEU,0.015,0.0,
DEU,0.015,0.0,
DEU,0.015,0.0,
DEU,0.012,0.0,
DEU,0.01,0.0,
DEU,0.009,0.0,
DEU,0.007,0.0,
DEU,0.009,0.0,
DEU,0.009,0.0,
DEU,0.01,0.0,
DEU,0.009,0.0,
DEU,0.009,0.0,
DEU,0.012,0.002,
DEU,0.012,0.002,
DEU,0.01,0.002,
DEU,0.01,0.002,
DEU,0.009,0.002,
DEU,0.012,0.002,
DEU,0.024,0.002,
DEU,0.062,0.0,
DEU,0.139,0.0,
DEU,0.178,0.0,0.288
DEU,0.238,0.0,0.348
DEU,0.31,0.0,0.564
DEU,0.451,0.0,0.792
DEU,0.706,0.003,0.948
DEU,0.984,0.005,1.128
DEU,1.225,0.012,1.619
DEU,1.429,0.019,1.811
DEU,1.551,0.021,1.943
DEU,2.073,0.033,2.207
DEU,2.947,0.039,2.675
DEU,3.977,0.053,3.167
DEU,5.355,0.072,3.874
DEU,7.548,0.093,4.762
DEU,9.538,0.12,5.458
DEU,11.035,0.144,6.345
DEU,13.931,0.192,8.276
DEU,18.115,0.26,10.327
DEU,22.994,0.351,13.566
DEU,28.236,0.442,16.841
DEU,32.674,0.579,20.283
DEU,36.192,0.708,24.217
DEU,38.393,0.821,26.808
DEU,41.296,0.984,30.431
DEU,44.453,1.194,36.008
DEU,48.013,1.46,41.898
DEU,51.188,1.806,47.775
DEU,54.489,2.094,53.617
DEU,56.829,2.354,58.402
DEU,58.226,2.5,61.785
DEU,58.91,2.735,65.767
DEU,60.933,3.107,70.889
DEU,61.927,3.377,73.552
DEU,63.036,3.64,75.111
DEU,63.387,3.869,76.227
DEU,62.734,3.867,74.835
DEU,61.802,3.895,73.264
DEU,61.0,3.936,72.412
DEU,59.506,3.859,69.426
DEU,57.822,3.802,67.518
DEU,55.023,3.641,65.419
DEU,50.164,3.314,59.806
DEU,47.66,3.237,57.719
DEU,46.516,3.216,56.951
DEU,42.981,3.0,52.429
DEU,38.32,2.795,48.903
DEU,34.972,2.606,46.456
DEU,32.406,2.377,43.901
DEU,31.889,2.32,43.829
DEU,30.566,2.192,42.162
DEU,29.723,2.103,40.71
DEU,29.913,2.077,41.106
DEU,29.428,1.943,38.983
DEU,27.994,1.758,36.044
DEU,25.72,1.63,32.806
DEU,23.758,1.475,30.347
DEU,22.326,1.397,28.643
DEU,21.164,1.246,26.832
DEU,20.143,1.119,24.685
DEU,18.923,1.018,23.594
DEU,17.105,0.903,21.231
DEU,16.028,0.824,20.559
DEU,14.339,0.764,18.508
DEU,13.223,0.689,16.973
DEU,12.752,0.665,16.397
DEU,12.091,0.605,15.485
DEU,11.441,0.541,14.298
DEU,11.083,0.511,13.962
DEU,10.636,0.473,13.23
DEU,10.742,0.466,13.314
DEU,10.838,0.446,13.11
DEU,10.698,0.442,12.978
DEU,10.627,0.416,12.774
DEU,10.214,0.396,12.055
DEU,9.692,0.374,11.047
DEU,9.017,0.324,10.088
DEU,8.59,0.3,9.728
DEU,8.222,0.293,9.368
DEU,8.18,0.283,9.152
DEU,7.93,0.278,8.252
DEU,7.719,0.266,7.809
DEU,7.579,0.259,7.509
DEU,6.909,0.236,6.717
DEU,6.558,0.211,6.345
DEU,6.344,0.195,6.237
DEU,6.176,0.19,6.177
DEU,5.951,0.173,6.261
DEU,5.757,0.154,5.865
DEU,5.451,0.135,5.47
DEU,5.639,0.141,5.745
DEU,5.5,0.127,5.338
DEU,5.564,0.115,5.218
DEU,5.494,0.111,5.026
DEU,5.022,0.098,4.39
DEU,4.491,0.086,4.042
DEU,4.226,0.082,4.078
DEU,4.226,0.077,3.802
DEU,4.21,0.072,3.694
DEU,4.058,0.074,3.682
DEU,4.034,0.075,3.67
DEU,4.306,0.072,3.73
DEU,4.51,0.06,3.598
DEU,4.544,0.06,3.407
DEU,4.124,0.05,3.191
DEU,3.982,0.062,3.395
DEU,4.008,0.055,3.335
DEU,4.022,0.058,3.514
DEU,3.96,0.06,3.574
DEU,4.118,0.077,3.826
DEU,4.716,0.072,3.718
DEU,5.542,0.075,3.922
DEU,6.633,0.07,3.922
DEU,7.096,0.075,3.982
DEU,7.183,0.07,3.874
DEU,7.505,0.065,3.922
DEU,7.543,0.053,3.826
DEU,6.931,0.045,3.862
DEU,6.597,0.048,3.91
DEU,5.883,0.045,3.874
DEU,5.464,0.041,3.706
DEU,5.427,0.036,3.562
DEU,5.374,0.041,3.646
DEU,5.233,0.036,3.514
DEU,5.183,0.041,3.359
DEU,5.014,0.039,3.215
DEU,4.764,0.038,3.155
DEU,4.709,0.038,3.143
DEU,4.611,0.045,3.143
DEU,4.452,0.048,3.047
DEU,4.346,0.053,2.987
DEU,4.294,0.055,3.203
DEU,4.21,0.057,3.131
DEU,4.21,0.051,2.999
DEU,4.181,0.048,3.083
DEU,4.16,0.043,3.095
DEU,4.169,0.041,3.131
DEU,4.296,0.038,3.167
DEU,4.45,0.038,3.263
DEU,4.685,0.041,3.502
DEU,4.849,0.048,3.706
DEU,5.134,0.048,3.754
DEU,5.214,0.053,3.862
DEU,5.432,0.051,3.982
DEU,5.528,0.055,4.114
DEU,5.804,0.06,4.102
DEU,6.033,0.053,3.97
DEU,6.517,0.058,4.006
DEU,6.688,0.063,4.162
DEU,6.744,0.057,4.018
DEU,6.87,0.062,4.114
DEU,7.262,0.062,4.15
DEU,7.624,0.057,4.294
DEU,7.918,0.06,4.438
DEU,8.105,0.065,4.45
DEU,8.139,0.062,4.39
DEU,8.299,0.063,4.642
DEU,8.761,0.067,4.618
DEU,9.097,0.07,4.93
DEU,9.438,0.065,4.834
DEU,9.961,0.069,4.834
DEU,10.115,0.055,4.942
DEU,10.369,0.057,5.014
DEU,10.396,0.058,4.87
DEU,10.922,0.046,5.122
DEU,11.335,0.039,4.894
DEU,12.077,0.051,5.086
DEU,12.649,0.043,5.29
DEU,13.28,0.045,5.374
DEU,13.364,0.048,5.242
DEU,13.659,0.053,5.35
DEU,14.402,0.063,5.35
DEU,14.978,0.077,5.482
DEU,15.333,0.062,5.326
DEU,15.533,0.07,5.302
DEU,16.022,0.065,5.266
DEU,16.294,0.062,5.35
DEU,16.416,0.053,5.218
DEU,16.227,0.048,5.11
DEU,16.159,0.034,4.93
DEU,15.936,0.036,4.762
DEU,15.809,0.026,4.738
DEU,15.355,0.026,4.594
DEU,15.208,0.026,4.462
DEU,15.16,0.031,4.51
DEU,14.728,0.029,4.402
DEU,14.442,0.031,4.522
DEU,14.082,0.033,4.522
DEU,14.027,0.043,4.45
DEU,14.209,0.05,4.522
DEU,14.676,0.058,4.774
DEU,14.75,0.06,4.858
DEU,15.155,0.063,4.87
DEU,15.257,0.091,4.858
DEU,15.83,0.101,5.134
DEU,15.956,0.099,5.338
DEU,16.246,0.108,5.386
DEU,16.455,0.11,5.494
DEU,16.769,0.117,5.686
DEU,16.899,0.115,6.033
DEU,17.96,0.11,6.561
DEU,18.702,0.12,6.933
DEU,20.024,0.125,7.701
DEU,20.893,0.129,8.228
DEU,21.174,0.135,8.204
DEU,21.052,0.139,8.228
DEU,21.337,0.161,8.588
DEU,21.018,0.159,8.552
DEU,21.08,0.153,8.972
DEU,21.128,0.168,9.068
DEU,21.4,0.17,9.044
DEU,22.072,0.194,9.356
DEU,22.386,0.188,9.44
DEU,22.692,0.19,9.56
DEU,23.287,0.188,9.908
DEU,24.185,0.197,10.04
DEU,25.11,0.211,9.956
DEU,26.131,0.228,10.172
DEU,26.839,0.204,10.567
DEU,27.322,0.207,10.687
DEU,28.316,0.235,11.515
DEU,30.758,0.257,12.81
DEU,33.774,0.29,14.538
DEU,36.762,0.317,16.169
DEU,40.431,0.35,17.8
DEU,42.88,0.396,18.724
DEU,44.799,0.423,19.431
DEU,47.849,0.464,20.775
DEU,50.901,0.516,21.423
DEU,55.611,0.564,22.682
DEU,61.146,0.632,24.337
DEU,66.125,0.711,26.173
DEU,69.628,0.747,27.18
DEU,72.023,0.797,28.428
DEU,75.898,0.845,30.455
DEU,82.873,0.968,33.669
DEU,91.698,1.105,37.352
DEU,101.99,1.319,41.022
DEU,112.398,1.504,44.524
DEU,121.68,1.614,47.859
DEU,128.159,1.739,50.102
DEU,137.712,2.008,54.072
DEU,148.86,2.192,58.306
DEU,160.599,2.37,61.677
DEU,170.771,2.476,64.592
DEU,179.95,2.584,68.142
DEU,184.926,2.704,70.181
DEU,190.206,2.778,72.148
DEU,195.698,2.839,75.087
DEU,201.52,3.0,77.942
DEU,204.872,3.124,79.681
DEU,209.051,3.247,81.948
DEU,212.754,3.233,82.692
DEU,216.072,3.275,82.992
DEU,215.369,3.271,83.304
DEU,216.67,3.347,83.304
DEU,217.134,3.379,83.411
DEU,219.715,3.549,85.019
DEU,221.838,3.708,87.43
DEU,221.517,3.987,89.529
DEU,221.3,4.248,91.88
DEU,219.105,4.346,91.796
DEU,216.891,4.561,93.475
DEU,218.202,4.842,97.193
DEU,219.852,5.04,97.781
DEU,220.244,5.269,98.321
DEU,221.858,5.471,99.209
DEU,220.083,5.427,97.973
DEU,220.025,5.53,98.525
DEU,220.657,5.571,99.592
DEU,218.981,5.574,98.525
DEU,216.161,5.675,100.36
DEU,214.437,5.829,100.216
DEU,210.722,5.987,99.928
DEU,211.025,6.097,101.176
DEU,210.976,6.17,101.104
DEU,207.934,6.282,100.876
DEU,207.617,6.523,102.435
DEU,209.613,6.777,103.407
DEU,212.501,7.109,106.777
DEU,216.022,7.43,109.404
DEU,217.324,7.613,109.824
DEU,219.788,7.677,111.287
DEU,225.189,7.954,114.478
DEU,231.314,8.307,118.316
DEU,238.903,8.494,122.43
DEU,246.787,8.886,126.533
DEU,255.397,9.173,130.083
DEU,263.787,9.61,134.305
DEU,267.676,9.875,136.356
DEU,272.173,10.096,139.163
DEU,279.222,10.358,142.63
DEU,285.61,10.737,145.688
DEU,290.61,10.886,147.355
DEU,294.857,11.011,150.798
DEU,296.74,11.021,151.494
DEU,299.156,11.068,152.165
DEU,301.233,11.234,153.077
DEU,304.756,11.549,155.752
DEU,309.245,11.871,157.575
DEU,290.677,11.092,147.415
DEU,262.279,10.166,134.329
DEU,244.897,9.841,132.002
DEU,237.887,9.813,133.789
DEU,230.052,9.76,134.185
DEU,227.628,9.853,136.5
DEU,222.622,9.923,134.977
DEU,219.929,10.034,136.092
DEU,214.968,9.872,134.557
DEU,212.367,9.899,133.945
DEU,210.683,9.846,132.926
DEU,208.296,9.649,130.899
DEU,208.145,9.293,126.617
DEU,202.829,8.658,122.562
DEU,214.075,9.097,128.848
DEU,238.579,9.988,140.111
DEU,249.943,9.992,140.003
DEU,249.335,9.868,135.852
DEU,247.923,9.538,132.806
DEU,239.58,9.286,129.351
DEU,233.017,9.361,128.128
DEU,223.241,9.212,125.489
DEU,212.554,9.013,122.502
DEU,207.012,8.905,121.147
DEU,203.796,8.73,120.919
DEU,196.387,8.653,118.364
DEU,189.318,8.431,116.085
DEU,181.364,8.098,115.222
DEU,175.236,7.713,112.523
DEU,169.625,7.385,109.872
DEU,166.444,7.223,109.428
DEU,163.739,7.032,107.653
DEU,159.59,6.835,106.13
DEU,154.549,6.527,102.615
DEU,148.277,6.258,100.408
DEU,142.347,5.857,97.649
DEU,138.121,5.598,95.142
DEU,135.337,5.358,92.228
DEU,133.959,5.314,91.184
DEU,132.439,5.117,89.181
DEU,126.93,4.788,87.178
DEU,122.833,4.496,83.699
DEU,119.66,4.421,82.788
DEU,115.299,4.142,80.425
DEU,112.607,4.037,79.573
DEU,110.689,3.886,78.554
DEU,107.84,3.763,75.939
DEU,102.337,3.607,72.364
DEU,96.954,3.357,70.145
DEU,93.292,3.127,66.487
DEU,90.752,3.018,64.928
DEU,85.965,2.875,62.9
DEU,87.111,2.884,63.14
DEU,87.433,2.802,62.517
DEU,87.67,2.779,62.757
DEU,87.18,2.728,61.677
DEU,86.897,2.611,61.989
DEU,87.193,2.558,61.221
DEU,90.937,2.551,62.541
DEU,89.669,2.533,61.869
DEU,89.702,2.515,61.761
DEU,91.297,2.39,60.957
DEU,93.549,2.315,60.897
DEU,94.729,2.243,59.938
DEU,96.023,2.18,59.734
DEU,95.835,2.14,59.134
DEU,96.57,2.103,58.498
DEU,97.056,2.067,57.827
DEU,98.432,2.027,57.335
DEU,98.443,1.919,56.051
DEU,98.85,1.861,54.756
DEU,99.171,1.787,54.0
DEU,100.264,1.784,53.724
DEU,100.113,1.797,53.509
DEU,100.386,1.753,52.789
DEU,101.33,1.727,53.101
DEU,105.932,1.797,53.533
DEU,111.118,1.857,55.608
DEU,116.092,1.912,56.759
DEU,119.809,1.9,58.031
DEU,122.333,1.892,59.374
DEU,125.758,1.907,61.089
DEU,133.078,1.991,62.96
DEU,140.549,2.001,64.724
DEU,146.673,2.061,65.923
DEU,152.057,2.103,68.022
DEU,156.775,2.133,68.442
DEU,158.694,2.188,69.522
DEU,162.214,2.221,70.877
DEU,168.495,2.3,72.784
DEU,175.833,2.387,75.939
DEU,184.697,2.421,78.29
DEU,192.125,2.526,80.353
DEU,196.515,2.611,82.224
DEU,199.303,2.615,82.98
DEU,202.896,2.742,84.743
DEU,204.497,2.764,85.894
DEU,206.791,2.824,86.986
DEU,205.946,2.822,87.37
DEU,198.141,2.723,84.515
DEU,189.253,2.692,83.591
DEU,188.503,2.723,83.891
DEU,181.684,2.596,81.06
DEU,166.453,2.558,78.997
DEU,166.004,2.543,81.66
DEU,173.434,2.589,84.047
DEU,186.813,2.67,89.061
DEU,199.591,2.733,90.812
DEU,202.518,2.711,91.76
DEU,211.253,2.774,95.694
DEU,237.337,2.814,99.293
DEU,245.608,2.85,97.493
DEU,244.419,2.812,95.934
DEU,244.066,2.793,94.998
DEU,243.437,2.762,94.95
DEU,243.355,2.786,94.77
DEU,243.66,2.815,95.742
DEU,245.786,2.834,96.594
DEU,247.193,2.795,96.258
DEU,247.834,2.824,97.014
DEU,247.625,2.843,97.229
DEU,248.154,2.827,97.085
DEU,247.913,2.776,96.222
DEU,247.722,2.762,94.375
DEU,243.074,2.661,91.316
DEU,235.591,2.558,89.133
DEU,228.68,2.437,86.11
DEU,222.162,2.329,83.591
DEU,217.101,2.241,82.392
DEU,213.65,2.238,81.564
DEU,208.385,2.118,79.717
DEU,201.046,2.061,77.222
DEU,193.916,1.991,75.123
DEU,186.631,1.895,72.832
DEU,180.288,1.845,70.505
DEU,175.091,1.777,67.638
DEU,172.808,1.731,66.331
DEU,169.851,1.671,64.148
DEU,162.611,1.556,62.229
DEU,155.104,1.468,59.698
DEU,142.277,1.338,54.612
DEU,128.868,1.217,50.198
DEU,123.016,1.196,49.37
DEU,121.224,1.158,48.915
DEU,117.547,1.119,47.163
DEU,109.952,1.033,43.661
DEU,101.111,0.924,40.386
DEU,98.986,0.905,39.607
DEU,98.895,0.876,38.851
DEU,94.142,0.811,35.984
DEU,90.254,0.768,33.633
DEU,84.354,0.667,29.663
DEU,69.546,0.598,26.328
DEU,62.422,0.576,24.649
DEU,59.624,0.543,23.198
DEU,55.507,0.488,21.639
DEU,51.857,0.458,20.919
DEU,51.178,0.447,20.643
DEU,52.275,0.451,21.075
DEU,54.737,0.404,20.379
DEU,50.184,0.353,18.04
DEU,43.579,0.308,16.385
DEU,38.609,0.271,14.778
DEU,36.243,0.254,14.058
DEU,35.438,0.242,13.722
DEU,34.199,0.219,13.002
DEU,31.512,0.197,12.199
DEU,28.729,0.161,11.407
DEU,27.608,0.147,11.215
DEU,26.872,0.142,10.915
DEU,25.162,0.12,10.088
DEU,24.099,0.115,9.716
DEU,22.757,0.118,9.26
DEU,19.615,0.115,8.312
DEU,17.18,0.111,7.737
DEU,15.264,0.106,7.089
DEU,13.876,0.094,6.633
DEU,12.893,0.089,6.585
DEU,12.481,0.081,6.345
DEU,11.928,0.065,5.985
DEU,10.842,0.063,5.733
DEU,9.921,0.053,5.35
DEU,9.352,0.05,5.074
DEU,8.852,0.053,4.786
DEU,8.417,0.051,4.546
DEU,8.326,0.051,4.402
DEU,8.18,0.05,4.162
DEU,7.889,0.046,3.958
DEU,7.826,0.043,3.898
DEU,7.622,0.043,3.982
DEU,7.5,0.039,3.97
DEU,7.545,0.043,3.85
DEU,7.519,0.043,3.85
DEU,7.574,0.039,3.958
DEU,7.858,0.036,4.018
DEU,8.024,0.039,3.97
DEU,8.449,0.034,3.79
DEU,8.929,0.039,4.054
DEU,9.416,0.046,4.378
DEU,9.592,0.043,4.378
DEU,10.016,0.046,4.426
DEU,11.213,0.048,4.522
DEU,12.349,0.053,4.714
DEU,13.312,0.053,4.75
DEU,14.459,0.048,4.774
DEU,15.295,0.046,4.75
DEU,15.615,0.051,4.978
DEU,16.695,0.051,5.386
DEU,17.682,0.057,5.662
DEU,18.828,0.058,6.033
DEU,20.036,0.063,6.489
DEU,20.895,0.063,6.849
DEU,21.431,0.072,7.125
DEU,21.669,0.069,7.053
DEU,22.067,0.07,6.921
DEU,23.367,0.067,7.653
DEU,24.31,0.089,8.24
DEU,25.014,0.098,8.576
DEU,25.717,0.117,9.032
DEU,26.349,0.115,9.128
DEU,26.599,0.123,9.476
DEU,27.381,0.135,10.363
DEU,28.506,0.144,10.639
DEU,29.699,0.129,10.675
DEU,31.231,0.139,11.179
DEU,32.963,0.144,11.527
DEU,34.382,0.153,12.019
DEU,34.996,0.153,12.127
DEU,36.371,0.163,12.69
DEU,39.475,0.183,13.926
DEU,43.078,0.204,15.461
DEU,46.365,0.224,16.961
DEU,50.215,0.224,18.28
DEU,53.383,0.235,19.252
DEU,54.972,0.247,20.163
DEU,57.717,0.255,21.686
DEU,63.466,0.278,23.306
DEU,68.795,0.315,24.673
DEU,74.349,0.329,25.801
DEU,79.582,0.358,26.772
DEU,83.319,0.37,27.624
DEU,85.08,0.384,28.38
DEU,88.588,0.427,30.131
DEU,95.408,0.461,32.386
DEU,102.206,0.485,34.293
DEU,107.236,0.511,35.588
DEU,109.911,0.541,36.908
DEU,112.627,0.588,38.191
DEU,113.727,0.601,38.491
DEU,114.612,0.612,38.155
DEU,117.489,0.646,38.575
DEU,120.955,0.667,38.623
DEU,122.831,0.718,38.959
DEU,125.7,0.739,39.511
DEU,127.538,0.749,39.427
DEU,128.066,0.74,39.463
DEU,127.941,0.768,39.739
DEU,128.868,0.788,39.715
DEU,127.861,0.773,39.835
DEU,127.302,0.761,40.242
DEU,125.695,0.771,40.278
DEU,124.104,0.768,40.05
DEU,122.792,0.769,39.763
DEU,122.559,0.749,39.619
DEU,119.593,0.727,38.383
DEU,116.287,0.763,37.699
DEU,112.65,0.725,36.356
DEU,108.784,0.699,35.133
DEU,106.191,0.663,34.293
DEU,105.333,0.66,33.609
DEU,102.817,0.658,32.602
DEU,99.164,0.627,31.678
DEU,96.128,0.588,30.791
DEU,94.097,0.589,30.707
DEU,93.292,0.593,30.263
DEU,92.113,0.603,29.855
DEU,91.89,0.607,29.843
DEU,92.5,0.615,30.059
DEU,94.882,0.631,31.21
DEU,96.463,0.672,31.582
DEU,97.169,0.696,30.874
DEU,97.13,0.708,30.767
DEU,96.787,0.723,30.755
DEU,96.786,0.725,30.659
DEU,96.618,0.723,30.119
DEU,95.888,0.769,29.027
DEU,95.432,0.79,29.063
DEU,96.534,0.814,29.675
DEU,97.951,0.824,30.563
DEU,99.442,0.819,31.234
DEU,99.424,0.838,31.57
DEU,100.441,0.872,32.698
DEU,101.164,0.889,33.513
DEU,102.79,0.889,33.753
DEU,104.838,0.906,34.941
DEU,108.157,0.966,35.588
DEU,110.674,0.984,36.116
DEU,112.0,0.996,36.848
DEU,115.218,1.092,39.511
DEU,126.383,1.235,43.865
DEU,136.522,1.335,47.451
DEU,146.742,1.506,50.45
DEU,156.202,1.63,53.772
DEU,164.422,1.777,56.339
DEU,167.452,1.801,57.155
DEU,173.84,1.844,58.726
DEU,186.224,1.871,60.01
DEU,202.202,1.983,63.968
DEU,214.279,2.049,66.595
DEU,224.382,2.091,68.646
DEU,230.882,2.096,69.606
DEU,234.777,2.181,71.021
DEU,234.115,2.173,70.073
DEU,230.715,2.337,72.64
DEU,245.868,2.515,75.639
DEU,266.635,2.656,79.093
DEU,285.782,2.791,82.224
DEU,297.247,2.831,83.711
DEU,304.798,2.865,84.779
DEU,326.747,3.105,90.32
DEU,365.807,3.283,94.219
DEU,391.001,3.359,95.574
DEU,413.75,3.538,98.465
DEU,434.9,3.653,100.96
DEU,452.384,3.831,103.083
DEU,464.676,3.915,105.614
DEU,482.317,3.998,108.792
DEU,509.398,4.133,113.554
DEU,530.545,4.291,116.889
DEU,550.218,4.426,119.276
DEU,578.421,4.62,122.502
DEU,592.739,4.58,123.186
DEU,602.578,4.644,124.709
DEU,623.269,4.865,127.612
DEU,643.049,5.005,129.171
DEU,664.526,5.111,131.235
DEU,682.76,5.099,132.278
DEU,685.397,5.141,132.242
DEU,689.847,5.334,133.346
DEU,691.158,5.298,132.35
DEU,687.189,5.213,130.839
DEU,685.591,5.113,127.648
DEU,682.662,5.082,127.684
DEU,676.044,5.063,126.94
DEU,673.373,4.957,126.581
DEU,669.192,4.878,126.808
DEU,664.949,4.906,127.516
DEU,661.802,4.872,128.572
DEU,654.48,4.777,129.459
DEU,642.814,4.68,127.18
DEU,625.118,4.543,125.393
DEU,605.58,4.479,122.466
DEU,592.112,4.423,121.099
DEU,579.209,4.304,118.028
DEU,560.489,4.126,113.566
DEU,544.841,4.035,111.131
DEU,519.522,3.917,107.545
DEU,501.675,3.782,103.886
DEU,484.776,3.643,100.792
DEU,474.31,3.465,97.937
DEU,468.65,3.415,96.798
DEU,460.72,3.295,94.015
DEU,440.238,3.119,89.229
DEU,420.503,2.899,84.527
DEU,399.466,2.731,80.665
DEU,366.277,2.432,73.024
DEU,335.27,2.257,67.986
DEU,332.143,2.207,66.835
DEU,327.887,2.111,65.503
DEU,319.461,1.996,64.208
DEU,320.724,1.907,63.884
DEU,331.828,1.864,63.884
DEU,343.944,1.833,64.556
DEU,350.459,1.794,64.58
DEU,357.608,1.763,64.676
DEU,377.276,1.731,65.383
DEU,413.521,1.672,64.796
DEU,452.641,1.6,64.052
DEU,478.037,1.475,61.401
DEU,524.152,1.492,63.92
DEU,563.249,1.518,65.395
DEU,578.95,1.487,64.724
DEU,609.396,1.39,63.296
DEU,646.436,1.268,60.693
DEU,687.45,1.201,60.07
DEU,735.089,1.179,61.245
DEU,777.794,1.155,62.037
DEU,812.62,1.174,62.685
DEU,832.951,1.186,63.344
DEU,882.693,1.271,65.551
DEU,952.383,1.285,68.67
DEU,1041.07,1.304,72.388
DEU,1144.785,1.361,75.939
DEU,1253.297,1.412,80.281
DEU,1320.008,1.445,82.008
DEU,1365.1,1.487,84.671
DEU,1461.976,1.518,88.785
DEU,1576.259,1.614,92.863
DEU,1670.004,1.708,94.854
DEU,1763.466,1.765,97.349
DEU,1838.46,1.835,99.233
DEU,1887.385,1.902,101.464
DEU,1909.534,1.911,101.847
DEU,1943.543,2.0,103.347
DEU,2007.605,2.115,106.813
DEU,2084.054,2.276,111.803
DEU,2149.194,2.39,117.465
DEU,2186.798,2.486,121.147
DEU,2201.279,2.534,122.526
DEU,2214.989,2.577,123.654
DEU,2247.625,2.634,127.252
DEU,2282.18,2.721,130.611
DEU,2295.895,2.752,131.199
DEU,2283.839,2.868,130.263
DEU,2278.352,2.898,129.543
DEU,2259.503,2.901,128.368
DEU,2244.534,2.916,127.528
DEU,2210.981,2.92,126.329
DEU,2172.901,2.911,125.837
DEU,2143.003,2.961,126.341
DEU,2113.959,3.021,126.904
DEU,2066.242,3.036,126.7
DEU,2061.679,3.067,127.6
DEU,2044.768,3.06,128.416
DEU,2012.382,3.066,129.303
DEU,1995.227,3.074,127.96
DEU,1958.146,3.047,126.892
DEU,1918.659,2.916,125.153
DEU,1906.705,2.913,124.505
DEU,1887.886,2.855,124.409
DEU,1872.973,2.814,123.126
DEU,1854.377,2.757,120.751
DEU,1812.055,2.737,119.396
DEU,1807.336,2.716,118.916
DEU,1846.307,2.742,119.696
DEU,1877.875,2.721,119.911
DEU,1901.4,2.695,119.348
DEU,1943.142,2.75,120.115
DEU,2007.081,2.855,122.262
DEU,2099.432,2.839,126.76
DEU,2195.249,2.872,129.879
DEU,2266.405,2.886,133.058
DEU,2349.471,3.026,136.212
DEU,2406.908,3.079,138.311
DEU,2422.514,3.042,139.655
DEU,2494.182,3.033,145.784
DEU,2557.763,3.136,148.471
DEU,2636.281,3.221,150.87
DEU,2705.641,3.355,152.609
DEU,2733.032,3.312,153.497
DEU,2711.21,3.307,152.345
DEU,2711.635,3.307,151.458
DEU,2762.671,3.391,150.258
DEU,2796.52,3.403,150.606
DEU,2797.432,3.329,150.342
DEU,2782.551,3.208,148.915
DEU,2764.549,3.189,148.819
DEU,2756.094,3.184,149.239
DEU,2722.641,3.216,149.491
DEU,2669.878,3.115,149.323
DEU,2617.718,2.992,147.679
DEU,2535.556,2.94,145.124
DEU,2442.725,2.898,142.761
DEU,2336.35,2.826,137.556
DEU,2259.068,2.73,134.329
DEU,2219.425,2.629,131.822
DEU,2130.98,2.586,128.404
DEU,2022.033,2.55,123.378
DEU,1900.316,2.464,120.667
DEU,1790.161,2.375,117.596
DEU,1722.877,2.25,117.153
DEU,1693.699,2.214,116.337
DEU,1687.092,2.209,116.397
DEU,1661.462,2.159,115.857
DEU,1612.462,2.06,114.322
DEU,1560.784,1.955,110.711
DEU,1531.542,1.909,109.488
DEU,1391.024,1.734,98.861
DEU,1349.566,1.69,96.918
DEU,1334.887,1.683,95.07
DEU,1157.596,1.421,79.489
DEU,1117.036,1.453,83.016
DEU,1152.407,1.457,85.583
DEU,1161.035,1.376,84.863
DEU,1261.487,1.439,92.384
DEU,1265.797,1.419,91.964
DEU,1253.49,1.371,92.264
DEU,1393.858,1.563,103.958
DEU,1361.051,1.409,94.291
DEU,1251.838,1.318,87.286
DEU,1147.363,1.254,82.572
DEU,1076.9,1.198,79.297
DEU,1041.941,1.172,77.978
DEU,1022.854,1.162,76.443
DEU,968.154,1.097,72.628
DEU,912.015,1.062,71.213
DEU,867.815,1.004,69.582
DEU,843.26,0.954,68.478
DEU,824.195,0.936,66.943
DEU,812.135,0.917,66.211
DEU,807.85,0.925,65.107
DEU,804.33,0.846,65.275
DEU,784.198,0.821,63.632
DEU,762.436,0.775,61.797
DEU,736.116,0.756,60.118
DEU,718.576,0.744,58.738
DEU,706.79,0.737,57.899
DEU,700.435,0.713,57.431
DEU,667.485,0.699,54.684
DEU,621.571,0.653,52.285
DEU,581.495,0.646,50.618
DEU,545.848,0.607,48.231
DEU,516.684,0.559,46.156
DEU,505.866,0.559,45.808
DEU,501.24,0.564,45.568
DEU,469.404,0.557,42.857
DEU,432.662,0.528,40.35
DEU,401.109,0.483,38.143
DEU,339.571,0.411,32.938
DEU,326.98,0.396,33.046
DEU,321.536,0.375,32.098
DEU,320.695,0.367,31.87
DEU,320.416,0.319,31.27
DEU,328.754,0.315,31.534
DEU,345.092,0.32,32.134
DEU,403.474,0.365,36.764
DEU,415.191,0.374,36.992
DEU,418.898,0.37,37.64
DEU,420.042,0.38,37.831
DEU,355.721,0.31,31.678
DEU,389.6,0.363,38.959
DEU,453.251,0.404,42.929
DEU,502.773,0.425,45.916
DEU,547.087,0.475,47.631
DEU,559.024,0.488,47.967
DEU,567.886,0.488,48.795
DEU,700.928,0.632,61.209
DEU,739.154,0.631,58.474
DEU,738.791,0.653,58.498
DEU,680.433,0.631,54.48
DEU,701.382,0.668,58.882
DEU,707.195,0.675,59.782
DEU,708.91,0.687,60.609
DEU,740.581,0.756,66.931
DEU,793.74,0.792,71.381
DEU,848.051,0.795,74.943
DEU,957.936,0.9,83.363
DEU,974.558,0.929,84.119
DEU,981.484,0.963,84.587
DEU,983.97,0.97,85.307
DEU,1003.468,0.982,87.394
DEU,1026.575,1.045,88.905
DEU,1046.379,1.088,90.824
DEU,1061.53,1.095,91.436
DEU,1074.661,1.081,92.372
DEU,1069.059,1.05,92.444
DEU,1067.041,1.044,92.647
DEU,1073.614,1.05,93.031
DEU,1071.054,1.038,93.919
DEU,1075.125,1.097,96.054
DEU,1076.253,1.112,98.153
DEU,1077.395,1.133,99.281
DEU,1076.773,1.189,99.916
DEU,1078.059,1.203,100.732
DEU,1095.765,1.289,106.897
DEU,1109.615,1.419,110.004
DEU,1123.538,1.46,113.362
DEU,1133.937,1.559,117.393
DEU,1156.321,1.657,121.771
DEU,1159.338,1.635,122.25
DEU,1157.328,1.642,121.843
DEU,1163.101,1.724,122.802
DEU,1160.802,1.724,126.017
DEU,1137.624,1.813,127.276
DEU,1114.862,1.899,130.695
DEU,1082.061,1.928,130.335
DEU,1076.835,1.909,130.479
DEU,1074.822,1.928,131.199
DEU,1050.52,2.034,133.537
DEU,1007.154,2.005,132.218
DEU,962.666,1.955,128.872
DEU,914.325,1.863,122.766
DEU,867.419,1.791,118.376
DEU,856.209,1.791,117.225
DEU,849.463,1.767,115.569
DEU,787.56,1.612,108.504
DEU,729.82,1.522,104.762
DEU,683.116,1.445,101.667
DEU,650.189,1.4,99.304
DEU,627.19,1.364,98.429
DEU,623.319,1.361,98.117
DEU,621.914,1.345,97.805
DEU,591.19,1.253,92.887
DEU,562.31,1.211,88.113
DEU,540.137,1.163,85.75
DEU,524.988,1.097,83.064
DEU,516.187,1.071,81.588
DEU,512.284,1.059,80.917
DEU,511.139,1.064,80.773
DEU,491.031,1.02,78.338
DEU,483.494,1.066,80.725
DEU,477.451,1.081,80.161
DEU,469.719,1.071,80.281
DEU,456.189,1.023,78.326
DEU,453.682,1.021,78.35
DEU,451.21,1.011,77.606
DEU,444.385,0.978,76.167
DEU,425.491,0.867,71.093
DEU,411.339,0.776,68.622
DEU,399.326,0.711,65.371
DEU,393.731,0.685,63.452
DEU,391.018,0.68,63.044
DEU,390.669,0.68,62.84
DEU,383.29,0.646,60.214
DEU,375.444,0.629,57.983
DEU,362.983,0.622,56.015
DEU,353.646,0.617,54.084
DEU,347.364,0.596,52.897
DEU,346.981,0.608,52.621
DEU,345.714,0.601,52.753
DEU,340.138,0.586,51.218
DEU,337.407,0.581,50.99
DEU,341.775,0.55,51.625
DEU,347.323,0.545,52.153
DEU,350.003,0.56,52.513
DEU,349.378,0.538,52.177
DEU,349.714,0.54,51.937
DEU,356.994,0.552,53.329
DEU,366.753,0.562,53.88
DEU,372.641,0.589,54.096
DEU,382.331,0.596,55.572
DEU,390.328,0.598,56.363
DEU,391.301,0.603,56.903
DEU,392.266,0.605,57.275
DEU,405.537,0.653,60.981
DEU,417.064,0.694,64.112
DEU,435.807,0.745,69.306
DEU,453.18,0.788,73.564
DEU,475.739,0.84,78.398
DEU,485.22,0.876,80.245
DEU,490.991,0.891,82.056
DEU,536.067,1.013,94.315
DEU,607.758,1.143,106.441
DEU,673.897,1.261,114.502
DEU,723.609,1.398,123.09
DEU,768.257,1.477,130.263
DEU,780.738,1.487,131.57
DEU,786.256,1.499,133.382
DEU,672.127,1.27,111.491
DEU,718.453,1.609,140.219
DEU,817.678,1.832,158.271
DEU,927.848,2.024,171.141
DEU,998.724,2.135,179.525
DEU,1008.501,2.157,181.504
DEU,1017.9,2.197,182.848
DEU,1240.755,2.752,229.783
DEU,1268.694,2.629,215.558
DEU,1224.275,2.606,212.955
DEU,1161.645,2.629,212.343
DEU,1119.574,2.668,214.574
DEU,1111.728,2.67,214.982
DEU,1105.228,2.663,214.982
DEU,1074.494,2.668,217.153
DEU,1048.44,2.704,219.336
DEU,1017.519,2.651,212.751
DEU,980.49,2.555,207.341
DEU,944.972,2.522,201.332
DEU,936.301,2.497,199.521
DEU,931.819,2.519,198.345
DEU,873.067,2.416,184.287
DEU,809.656,2.202,170.961
DEU,747.098,2.072,162.733
DEU,698.401,1.95,155.008
DEU,656.519,1.84,147.08
DEU,645.595,1.832,145.004
DEU,640.698,1.794,143.421
DEU,553.737,1.46,120.607
DEU,462.439,1.374,109.392
DEU,452.958,1.345,110.4
DEU,440.379,1.278,107.605
DEU,426.35,1.235,105.47
DEU,422.522,1.218,105.386
DEU,417.397,1.193,104.066
DEU,432.527,1.285,108.876
DEU,445.684,1.23,108.001
DEU,398.755,1.162,98.849
DEU,368.247,1.119,93.619
DEU,350.522,1.088,91.268
DEU,346.66,1.09,89.901
DEU,346.119,1.088,89.913
DEU,326.331,1.008,86.482
DEU,313.095,1.014,85.247
DEU,301.933,0.961,83.519
DEU,294.929,0.958,84.227
DEU,292.341,0.951,83.819
DEU,292.209,0.948,84.083
DEU,290.71,0.944,83.555
DEU,286.539,0.97,85.834
DEU,286.512,0.977,86.986
DEU,288.959,1.013,88.101
DEU,290.7,1.026,89.109
DEU,291.39,1.078,91.16
DEU,292.05,1.086,91.688
DEU,292.295,1.088,92.563
DEU,297.295,1.194,97.613
DEU,305.126,1.218,101.727
DEU,310.282,1.261,105.866
DEU,313.351,1.295,109.2
DEU,315.93,1.33,110.676
DEU,316.18,1.342,110.747
DEU,316.665,1.361,111.923
DEU,316.987,1.373,115.018
DEU,322.57,1.414,118.472
DEU,327.684,1.487,121.171
DEU,333.711,1.575,123.666
DEU,338.175,1.626,127.972
DEU,341.321,1.652,129.591
DEU,341.825,1.642,129.795
DEU,352.858,1.779,136.488
DEU,357.978,1.827,142.114
DEU,370.201,1.854,145.34
DEU,378.127,1.887,148.291
DEU,381.531,1.909,149.838
DEU,381.155,1.907,150.378
DEU,381.997,1.935,150.954
DEU,385.766,2.051,153.953
DEU,388.65,2.145,159.158
DEU,388.825,2.193,163.272
DEU,392.627,2.231,166.223
DEU,396.675,2.228,167.89
DEU,396.094,2.207,166.691
DEU,395.396,2.195,165.48
DEU,320.714,1.631,128.32
DEU,314.355,1.782,133.022
DEU,305.364,1.796,131.978
DEU,287.944,1.743,129.195
DEU,267.964,1.686,123.654
DEU,262.843,1.669,123.318
DEU,259.733,1.652,122.706
DEU,311.642,2.06,151.11
DEU,288.616,1.777,134.317
DEU,262.743,1.643,125.765
DEU,245.723,1.542,119.132
DEU,227.838,1.441,111.923
DEU,224.715,1.426,110.616
DEU,223.299,1.409,109.236
DEU,207.432,1.206,102.855
DEU,187.834,1.112,95.37
DEU,173.538,0.997,88.533
DEU,159.499,0.925,81.828
DEU,154.653,0.901,81.144
DEU,153.322,0.893,80.173
DEU,152.652,0.879,79.525
DEU,134.97,0.795,70.961
DEU,122.187,0.697,66.151
DEU,113.422,0.658,62.84
DEU,109.87,0.622,61.113
DEU,108.153,0.579,58.678
DEU,107.744,0.571,58.366
DEU,107.709,0.572,58.402
DEU,107.094,0.526,55.92
DEU,110.79,0.564,56.891
DEU,115.336,0.55,57.011
DEU,120.518,0.545,58.75
DEU,124.641,0.548,60.837
DEU,125.059,0.553,61.113
DEU,125.592,0.553,61.533
DEU,131.104,0.579,63.716
DEU,137.599,0.576,65.959
DEU,141.281,0.577,69.102
DEU,142.27,0.583,69.582
DEU,144.401,0.581,72.364
DEU,144.533,0.581,72.964
DEU,144.336,0.577,73.264
DEU,145.397,0.586,78.206
DEU,144.293,0.61,80.137
DEU,144.689,0.668,82.5
DEU,145.722,0.704,85.714
DEU,147.556,0.73,86.218
DEU,147.964,0.742,86.938
DEU,148.358,0.763,87.658
DEU,152.429,0.86,92.971
DEU,155.658,0.91,98.057
DEU,160.025,0.92,102.819
DEU,165.075,0.946,105.674
DEU,166.621,0.961,109.104
DEU,167.241,0.96,109.188
DEU,167.651,0.989,110.28
DEU,163.598,0.978,109.728
DEU,166.424,0.984,113.146
DEU,173.792,1.028,115.437
DEU,183.129,1.016,117.153
DEU,191.779,1.008,117.501
DEU,194.094,1.004,118.052
DEU,194.353,0.975,117.453
DEU,207.662,0.953,121.831
DEU,209.408,0.944,118.94
DEU,198.962,0.884,113.83
DEU,176.374,0.855,109.404
DEU,155.803,0.86,105.926
DEU,150.335,0.853,104.81
DEU,147.887,0.841,103.97
DEU,119.024,0.872,99.472
DEU,94.544,0.845,97.577
DEU,79.503,0.853,96.426
DEU,76.425,0.882,99.293
DEU,74.924,0.906,101.464
DEU,75.02,0.918,102.159
DEU,74.962,0.922,102.675
DEU,74.947,0.953,106.657
DEU,73.6,0.982,109.14
DEU,72.483,0.977,111.683
DEU,70.968,0.984,111.371
DEU,69.151,0.99,110.652
DEU,69.052,0.999,110.496
DEU,69.062,1.002,110.052
DEU,67.126,0.977,107.353
DEU,63.738,0.956,103.359
DEU,61.293,0.937,100.648
DEU,58.975,0.934,96.858
DEU,56.972,0.882,94.051
DEU,56.146,0.867,92.683
DEU,55.906,0.86,91.904
DEU,51.972,0.814,85.223
DEU,47.976,0.768,79.789
DEU,44.384,0.749,75.639
DEU,41.629,0.696,72.22
DEU,39.261,0.672,69.138
DEU,39.075,0.668,68.958
DEU,38.796,0.658,68.502
DEU,35.749,0.595,63.608
DEU,33.846,0.56,62.025
DEU,31.957,0.528,58.978
DEU,30.059,0.492,56.423
DEU,25.595,0.427,48.963
DEU,25.256,0.42,48.747
DEU,25.127,0.413,48.435
DEU,17.716,0.252,32.386
DEU,19.387,0.351,41.622
DEU,19.159,0.351,42.305
DEU,19.521,0.379,43.301
DEU,22.463,0.418,48.543
DEU,22.442,0.413,48.003
DEU,22.338,0.411,47.583
DEU,27.197,0.505,58.594
DEU,23.499,0.377,46.432
DEU,22.165,0.339,43.805
DEU,20.741,0.286,41.586
DEU,19.798,0.269,40.206
DEU,19.673,0.267,39.871
DEU,19.623,0.269,39.811
DEU,18.624,0.228,37.687
DEU,17.737,0.207,36.248
DEU,17.074,0.204,35.037
DEU,16.373,0.202,33.345
DEU,15.907,0.19,32.65
DEU,15.83,0.183,32.938
DEU,15.765,0.178,32.758
DEU,11.743,0.123,23.21
DEU,12.469,0.17,27.324
DEU,12.497,0.168,27.48
DEU,12.66,0.149,27.6
DEU,12.713,0.147,27.528
DEU,12.642,0.151,27.252
DEU,12.588,0.149,26.952
DEU,15.492,0.164,33.753
DEU,13.782,0.093,27.852
DEU,12.864,0.079,25.801
DEU,12.074,0.077,24.193
DEU,11.304,0.063,23.222
DEU,11.179,0.06,23.03
DEU,11.095,0.06,22.874
DEU,9.478,0.045,20.559
DEU,,0.034,18.556
DEU,,,18.1
DEU,,,15.329
DEU,,,13.842
DEU,,,13.566
DEU,,,13.338
SWE,,,
SWE,,,
SWE,,,
SWE,,,
SWE,,,
SWE,0.0,0.0,
SWE,0.0,0.0,
SWE,0.0,0.0,
SWE,0.0,0.0,
SWE,0.0,0.0,
SWE,0.0,0.0,
SWE,0.0,0.0,
SWE,0.0,0.0,
SWE,0.0,0.0,
SWE,0.0,0.0,
SWE,0.0,0.0,
SWE,0.0,0.0,
SWE,0.0,0.0,
SWE,0.0,0.0,
SWE,0.0,0.0,
SWE,0.0,0.0,
SWE,0.0,0.0,
SWE,0.0,0.0,
SWE,0.0,0.0,
SWE,0.0,0.0,
SWE,0.0,0.0,
SWE,0.0,0.0,
SWE,0.0,0.0,
SWE,0.014,0.0,
SWE,0.014,0.0,
SWE,0.014,0.0,
SWE,0.014,0.0,
SWE,0.014,0.0,
SWE,0.014,0.0,
SWE,0.014,0.0,
SWE,0.0,0.0,
SWE,0.0,0.0,
SWE,0.0,0.0,
SWE,0.0,0.0,
SWE,0.0,0.0,
SWE,0.0,0.0,
SWE,0.0,0.0,
SWE,0.0,0.0,
SWE,0.0,0.0,
SWE,0.0,0.0,
SWE,0.0,0.0,
SWE,0.0,0.0,
SWE,0.0,0.0,
SWE,0.0,0.0,
SWE,0.0,0.0,
SWE,0.0,0.0,
SWE,0.0,0.0,
SWE,0.0,0.0,
SWE,0.0,0.0,
SWE,0.0,0.0,
SWE,0.014,0.0,
SWE,0.027,0.0,
SWE,0.135,0.0,
SWE,0.176,0.0,
SWE,0.176,0.0,
SWE,0.244,0.0,
SWE,0.42,0.0,
SWE,0.813,0.0,
SWE,1.138,0.0,
SWE,1.828,0.0,
SWE,2.234,0.0,
SWE,2.857,0.0,
SWE,4.157,0.0,
SWE,5.308,0.0,
SWE,7.556,0.014,
SWE,9.263,0.014,
SWE,10.522,0.027,
SWE,11.037,0.041,
SWE,11.348,0.068,
SWE,11.104,0.095,
SWE,11.389,0.108,
SWE,10.698,0.176,
SWE,10.59,0.271,
SWE,10.969,0.379,
SWE,11.849,0.474,
SWE,12.513,0.596,
SWE,13.853,0.718,
SWE,15.356,0.989,
SWE,17.645,1.205,
SWE,19.581,1.53,
SWE,22.087,1.842,
SWE,24.308,2.207,
SWE,26.501,2.573,
SWE,29.67,3.033,
SWE,32.974,3.399,
SWE,35.303,3.819,
SWE,38.933,4.347,
SWE,42.142,4.997,
SWE,42.914,5.471,
SWE,43.726,6.107,
SWE,43.361,6.717,
SWE,46.949,7.204,
SWE,49.224,8.044,
SWE,50.457,8.26,
SWE,48.453,8.396,
SWE,48.967,8.829,
SWE,50.646,8.992,
SWE,51.296,8.911,
SWE,47.775,9.005,
SWE,47.098,9.005,
SWE,46.8,9.344,
SWE,49.983,9.249,
SWE,51.838,9.032,
SWE,50.809,8.897,
SWE,51.134,8.911,
SWE,54.221,8.518,
SWE,55.833,8.003,
SWE,57.661,7.665,
SWE,58.907,7.746,
SWE,58.108,7.57,
SWE,56.916,7.394,
SWE,58.297,7.245,
SWE,58.771,7.529,
SWE,59.801,7.61,
SWE,58.148,7.502,
SWE,54.777,7.353,
SWE,52.42,7.34,
SWE,51.892,7.353,
SWE,50.728,7.475,
SWE,49.577,7.326,
SWE,48.845,7.191,
SWE,50.863,7.218,
SWE,53.152,6.974,
SWE,55.995,6.92,
SWE,56.239,6.893,
SWE,55.941,6.649,
SWE,57.255,6.5,
SWE,56.618,6.189,
SWE,54.885,5.728,
SWE,54.709,5.701,
SWE,52.664,5.43,
SWE,52.393,5.146,
SWE,52.055,5.065,
SWE,50.863,4.794,
SWE,52.353,4.821,
SWE,51.716,4.916,
SWE,49.604,4.889,
SWE,50.213,4.983,
SWE,49.549,4.875,
SWE,50.362,4.645,
SWE,51.445,4.469,
SWE,51.337,4.279,
SWE,53.558,4.103,
SWE,56.821,3.886,
SWE,57.214,3.656,
SWE,57.959,3.683,
SWE,60.098,3.643,
SWE,62.184,3.751,
SWE,65.515,3.616,
SWE,69.104,3.67,
SWE,74.155,3.629,
SWE,78.867,3.507,
SWE,81.535,3.331,
SWE,81.928,3.318,
SWE,82.429,3.277,
SWE,87.724,3.426,
SWE,91.163,3.304,
SWE,93.642,3.196,
SWE,97.054,3.25,
SWE,96.458,3.169,
SWE,96.567,3.06,
SWE,100.25,2.993,
SWE,100.521,2.898,
SWE,103.243,2.817,
SWE,101.618,2.83,
SWE,97.095,2.776,
SWE,95.781,2.708,
SWE,97.338,2.573,
SWE,98.693,2.532,
SWE,101.929,2.397,
SWE,98.977,2.316,
SWE,98.909,2.058,
SWE,99.681,1.855,
SWE,100.954,1.869,
SWE,99.952,1.815,
SWE,93.168,1.747,
SWE,79.477,1.652,
SWE,71.501,1.544,
SWE,64.594,1.503,
SWE,59.3,1.517,
SWE,57.945,1.327,
SWE,51.513,1.314,
SWE,44.336,1.205,
SWE,42.277,1.138,
SWE,37.497,1.138,
SWE,33.096,1.219,
SWE,32.338,1.151,
SWE,29.508,1.138,
SWE,28.411,1.097,
SWE,28.871,1.043,
SWE,25.54,0.989,
SWE,24.646,0.867,
SWE,23.495,0.772,
SWE,21.911,0.785,
SWE,21.965,0.772,
SWE,21.437,0.691,
SWE,20.272,0.677,
SWE,20.407,0.677,
SWE,19.757,0.664,
SWE,19.46,0.609,
SWE,18.742,0.474,
SWE,17.821,0.406,
SWE,17.008,0.406,
SWE,17.78,0.366,
SWE,17.835,0.298,
SWE,18.945,0.23,
SWE,18.891,0.217,
SWE,21.125,0.23,
SWE,21.071,0.244,
SWE,22.344,0.217,
SWE,23.021,0.19,
SWE,24.7,0.19,
SWE,25.729,0.244,
SWE,27.382,0.244,
SWE,26.799,0.23,
SWE,27.273,0.244,
SWE,27.693,0.217,
SWE,28.83,0.244,
SWE,29.074,0.271,
SWE,28.871,0.284,
SWE,28.384,0.271,
SWE,27.923,0.271,
SWE,27.788,0.217,
SWE,27.49,0.23,
SWE,26.095,0.23,
SWE,24.849,0.203,
SWE,24.443,0.163,
SWE,23.82,0.217,
SWE,22.926,0.217,
SWE,22.845,0.257,
SWE,22.845,0.23,
SWE,21.599,0.19,
SWE,20.15,0.203,
SWE,18.376,0.19,
SWE,16.765,0.135,
SWE,16.372,0.135,
SWE,16.25,0.135,
SWE,16.088,0.149,
SWE,15.397,0.176,
SWE,14.977,0.176,
SWE,16.115,0.19,
SWE,17.239,0.176,
SWE,17.78,0.163,
SWE,18.038,0.163,
SWE,18.349,0.149,
SWE,19.229,0.122,
SWE,20.597,0.122,
SWE,20.164,0.122,
SWE,20.556,0.176,
SWE,21.03,0.19,
SWE,21.559,0.176,
SWE,22.033,0.19,
SWE,22.791,0.19,
SWE,23.008,0.19,
SWE,24.836,0.176,
SWE,26.813,0.135,
SWE,27.801,0.135,
SWE,28.167,0.163,
SWE,28.79,0.163,
SWE,30.767,0.163,
SWE,33.787,0.135,
SWE,35.832,0.135,
SWE,38.445,0.176,
SWE,39.068,0.19,
SWE,39.529,0.149,
SWE,41.045,0.135,
SWE,43.415,0.149,
SWE,45.257,0.203,
SWE,46.516,0.203,
SWE,47.627,0.19,
SWE,49.468,0.203,
SWE,49.319,0.23,
SWE,49.265,0.244,
SWE,51.608,0.271,
SWE,53.531,0.257,
SWE,56.253,0.257,
SWE,57.214,0.284,
SWE,57.864,0.311,
SWE,57.932,0.298,
SWE,61.493,0.311,
SWE,63.254,0.271,
SWE,65.109,0.257,
SWE,66.03,0.284,
SWE,71.392,0.244,
SWE,73.938,0.23,
SWE,76.105,0.217,
SWE,77.92,0.23,
SWE,82.971,0.271,
SWE,91.136,0.284,
SWE,101.482,0.366,
SWE,110.799,0.433,
SWE,121.362,0.488,
SWE,123.975,0.582,
SWE,128.011,0.677,
SWE,143.245,0.745,
SWE,167.864,0.826,
SWE,189.477,0.826,
SWE,219.12,0.853,
SWE,239.568,0.921,
SWE,250.171,1.11,
SWE,256.942,1.232,
SWE,273.111,1.381,
SWE,287.912,1.544,
SWE,307.981,1.72,
SWE,313.371,1.936,
SWE,333.196,2.126,
SWE,344.029,2.126,
SWE,373.225,2.329,
SWE,385.264,2.532,
SWE,401.88,2.614,
SWE,412.984,2.695,
SWE,443.805,2.803,
SWE,431.103,2.952,
SWE,424.116,3.182,
SWE,408.123,3.209,
SWE,407.595,3.331,
SWE,397.465,3.643,
SWE,425.158,3.886,
SWE,407.933,4.049,
SWE,421.191,4.225,
SWE,432.579,4.496,
SWE,450.63,4.74,
SWE,467.097,5.065,
SWE,482.061,5.322,
SWE,472.5,5.512,
SWE,486.096,5.782,
SWE,477.064,5.769,
SWE,481.546,5.647,
SWE,476.17,5.809,
SWE,478.134,5.796,
SWE,484.647,5.823,
SWE,485.771,6.053,
SWE,497.634,6.121,
SWE,511.704,6.026,
SWE,498.839,6.446,
SWE,502.929,6.324,
SWE,524.961,6.148,
SWE,550.027,6.189,
SWE,546.059,6.31,
SWE,551.192,6.568,
SWE,573.861,6.906,
SWE,590.842,6.771,
SWE,587.484,7.258,
SWE,581.458,7.719,
SWE,587.226,8.098,
SWE,627.134,8.504,
SWE,629.843,8.26,
SWE,615.908,8.423,
SWE,625.32,8.734,
SWE,647.339,8.491,
SWE,641.841,8.558,
SWE,676.399,8.355,
SWE,614.053,7.976,
SWE,544.665,8.45,
SWE,510.228,8.64,
SWE,502.861,8.707,
SWE,529.01,9.317,
SWE,559.845,9.046,
SWE,547.427,9.087,
SWE,574.01,9.384,
SWE,571.64,9.127,
SWE,565.736,9.195,
SWE,559.588,8.978,
SWE,558.112,8.504,
SWE,540.155,8.775,
SWE,466.61,8.667,
SWE,468.627,8.572,
SWE,510.228,8.734,
SWE,540.087,8.599,
SWE,534.17,8.721,
SWE,502.563,8.762,
SWE,472.609,8.707,
SWE,493.829,8.829,
SWE,461.261,8.721,
SWE,441.151,8.599,
SWE,406.281,8.518,
SWE,391.832,8.098,
SWE,357.476,7.868,
SWE,349.324,7.908,
SWE,326.994,7.854,
SWE,319.586,7.759,
SWE,313.046,7.34,
SWE,315.862,7.082,
SWE,314.468,6.947,
SWE,311.394,6.771,
SWE,304.0,6.432,
SWE,292.611,5.985,
SWE,267.857,5.539,
SWE,275.047,5.525,
SWE,279.476,5.43,
SWE,279.706,5.268,
SWE,275.196,5.092,
SWE,276.943,4.767,
SWE,271.96,4.74,
SWE,285.881,4.401,
SWE,272.434,4.103,
SWE,267.518,3.778,
SWE,265.473,3.643,
SWE,264.85,3.548,
SWE,261.506,3.304,
SWE,269.847,2.966,
SWE,275.372,3.006,
SWE,279.557,2.898,
SWE,285.502,2.79,
SWE,288.183,2.776,
SWE,293.546,2.559,
SWE,295.401,2.519,
SWE,303.688,2.614,
SWE,308.157,2.41,
SWE,314.373,2.37,
SWE,314.508,2.424,
SWE,319.762,2.329,
SWE,328.389,2.356,
SWE,344.625,2.234,
SWE,344.788,2.126,
SWE,354.213,2.153,
SWE,361.715,2.058,
SWE,366.13,1.923,
SWE,361.295,1.977,
SWE,365.195,1.964,
SWE,375.825,2.099,
SWE,374.377,2.004,
SWE,375.094,1.991,
SWE,368.147,1.95,
SWE,372.819,1.855,
SWE,375.649,1.747,
SWE,364.22,1.747,
SWE,360.686,1.706,
SWE,366.861,1.733,
SWE,372.941,1.693,
SWE,385.467,1.747,
SWE,392.252,1.842,
SWE,386.686,1.909,
SWE,396.599,1.869,
SWE,408.217,1.801,
SWE,423.181,1.774,
SWE,428.652,1.801,
SWE,434.231,1.693,
SWE,440.014,1.774,
SWE,447.313,1.72,
SWE,446.947,1.652,
SWE,458.674,1.639,
SWE,475.94,1.598,
SWE,484.458,1.652,
SWE,496.483,1.801,
SWE,507.533,1.72,
SWE,512.963,1.706,
SWE,516.687,1.801,
SWE,527.724,1.828,
SWE,535.632,1.936,
SWE,543.906,1.977,
SWE,551.246,1.977,
SWE,526.965,1.964,
SWE,519.775,1.923,
SWE,521.684,1.936,
SWE,499.286,1.896,
SWE,492.976,1.869,
SWE,503.592,1.828,
SWE,514.277,1.855,
SWE,544.38,1.76,
SWE,557.123,1.801,
SWE,562.106,1.693,
SWE,589.948,1.801,
SWE,580.049,1.882,
SWE,578.763,1.923,
SWE,562.716,1.801,
SWE,554.008,1.923,
SWE,555.688,1.909,
SWE,545.423,1.896,
SWE,527.399,1.964,
SWE,535.7,1.909,
SWE,516.511,1.788,
SWE,503.795,1.815,
SWE,498.176,1.72,
SWE,487.911,1.774,
SWE,492.732,1.72,
SWE,489.062,1.679,
SWE,481.452,1.639,
SWE,477.159,1.679,
SWE,476.116,1.679,
SWE,478.621,1.666,
SWE,478.107,1.557,
SWE,478.093,1.666,
SWE,474.938,1.53,
SWE,465.973,1.476,
SWE,463.062,1.354,
SWE,460.624,1.3,
SWE,456.873,1.395,
SWE,456.047,1.449,
SWE,447.814,1.49,
SWE,438.023,1.449,
SWE,421.597,1.368,
SWE,397.249,1.49,
SWE,361.173,1.639,
SWE,354.321,1.544,
SWE,350.949,1.503,
SWE,346.169,1.327,
SWE,323.568,1.314,
SWE,298.393,1.259,
SWE,288.21,1.165,
SWE,284.662,1.002,
SWE,256.752,0.975,
SWE,246.082,0.948,
SWE,233.718,0.88,
SWE,207.948,0.867,
SWE,180.973,0.894,
SWE,139.345,0.826,
SWE,111.977,0.772,
SWE,89.985,0.677,
SWE,107.969,0.636,
SWE,117.502,0.664,
SWE,118.098,0.569,
SWE,117.367,0.528,
SWE,130.76,0.515,
SWE,140.131,0.596,
SWE,146.536,0.596,
SWE,123.163,0.528,
SWE,104.109,0.515,
SWE,82.456,0.555,
SWE,75.157,0.569,
SWE,70.39,0.528,
SWE,63.552,0.352,
SWE,60.383,0.339,
SWE,59.53,0.298,
SWE,52.881,0.284,
SWE,36.861,0.257,
SWE,26.176,0.19,
SWE,45.961,0.163,
SWE,47.545,0.19,
SWE,40.707,0.19,
SWE,38.567,0.23,
SWE,47.748,0.203,
SWE,54.587,0.217,
SWE,59.232,0.19,
SWE,34.626,0.203,
SWE,26.908,0.19,
SWE,26.759,0.163,
SWE,26.853,0.122,
SWE,23.685,0.122,
SWE,20.231,0.095,
SWE,22.683,0.108,
SWE,21.491,0.095,
SWE,25.486,0.081,
SWE,25.418,0.108,
SWE,25.337,0.108,
SWE,24.944,0.081,
SWE,26.542,0.095,
SWE,22.452,0.081,
SWE,21.802,0.068,
SWE,20.475,0.054,
SWE,20.529,0.027,
SWE,20.502,0.041,
SWE,20.881,0.041,
SWE,20.895,0.014,
SWE,22.141,0.014,
SWE,23.888,0.027,
SWE,25.364,0.027,
SWE,25.418,0.041,
SWE,25.499,0.027,
SWE,28.004,0.027,
SWE,29.995,0.027,
SWE,33.137,0.041,
SWE,34.64,0.041,
SWE,36.089,0.054,
SWE,36.089,0.041,
SWE,36.035,0.041,
SWE,38.892,0.041,
SWE,40.747,0.041,
SWE,41.749,0.041,
SWE,43.699,0.054,
SWE,46.976,0.054,
SWE,46.882,0.054,
SWE,46.868,0.054,
SWE,51.093,0.054,
SWE,55.251,0.054,
SWE,57.918,0.041,
SWE,60.6,0.041,
SWE,62.387,0.068,
SWE,62.414,0.068,
SWE,62.441,0.095,
SWE,66.991,0.095,
SWE,70.241,0.108,
SWE,73.004,0.108,
SWE,75.997,0.108,
SWE,78.678,0.095,
SWE,78.705,0.108,
SWE,78.8,0.095,
SWE,82.767,0.095,
SWE,84.514,0.122,
SWE,87.466,0.135,
SWE,87.304,0.135,
SWE,87.724,0.135,
SWE,87.629,0.135,
SWE,87.534,0.149,
SWE,86.559,0.217,
SWE,85.747,0.244,
SWE,89.01,0.271,
SWE,92.287,0.257,
SWE,90.513,0.23,
SWE,90.54,0.23,
SWE,90.568,0.271,
SWE,99.343,0.244,
SWE,95.984,0.203,
SWE,90.391,0.19,
SWE,92.504,0.257,
SWE,98.002,0.298,
SWE,97.975,0.325,
SWE,98.043,0.339,
SWE,95.659,0.352,
SWE,100.765,0.379,
SWE,104.746,0.488,
SWE,105.491,0.515,
SWE,108.104,0.623,
SWE,108.118,0.636,
SWE,107.996,0.664,
SWE,107.427,0.718,
SWE,103.568,0.758,
SWE,100.697,0.731,
SWE,94.129,0.785,
SWE,84.894,0.731,
SWE,84.88,0.731,
SWE,84.866,0.704,
SWE,71.88,0.65,
SWE,68.86,0.664,
SWE,62.888,0.691,
SWE,59.841,0.609,
SWE,58.284,0.596,
SWE,58.284,0.596,
SWE,58.365,0.596,
SWE,56.876,0.582,
SWE,56.253,0.528,
SWE,57.742,0.488,
SWE,57.702,0.474,
SWE,57.458,0.46,
SWE,57.471,0.488,
SWE,57.39,0.528,
SWE,59.083,0.555,
SWE,57.634,0.582,
SWE,57.485,0.636,
SWE,57.119,0.677,
SWE,55.765,0.718,
SWE,55.955,0.718,
SWE,56.077,0.664,
SWE,55.115,0.664,
SWE,57.39,0.636,
SWE,56.767,0.582,
SWE,55.792,0.528,
SWE,55.318,0.433,
SWE,55.291,0.433,
SWE,55.169,0.433,
SWE,54.56,0.447,
SWE,53.395,0.433,
SWE,53.273,0.379,
SWE,54.749,0.379,
SWE,59.205,0.406,
SWE,66.138,0.366,
SWE,70.458,0.311,
SWE,63.159,0.311,
SWE,69.158,0.325,
SWE,70.553,0.339,
SWE,74.669,0.366,
SWE,75.807,0.379,
SWE,80.343,0.366,
SWE,80.113,0.406,
SWE,81.373,0.352,
SWE,80.018,0.366,
SWE,79.287,0.447,
SWE,75.821,0.393,
SWE,72.476,0.393,
SWE,68.901,0.46,
SWE,68.576,0.447,
SWE,66.815,0.447,
SWE,68.955,0.488,
SWE,71.433,0.379,
SWE,72.814,0.46,
SWE,75.279,0.488,
SWE,78.434,0.42,
SWE,78.881,0.42,
SWE,79.87,0.474,
SWE,79.558,0.433,
SWE,82.063,0.46,
SWE,84.799,0.406,
SWE,90.31,0.406,
SWE,93.858,0.406,
SWE,96.174,0.406,
SWE,101.293,0.366,
SWE,111.869,0.352,
SWE,124.111,0.325,
SWE,137.449,0.271,
SWE,147.01,0.217,
SWE,156.042,0.217,
SWE,161.432,0.203,
SWE,166.767,0.244,
SWE,174.621,0.257,
SWE,178.914,0.257,
SWE,180.187,0.311,
SWE,181.934,0.311,
SWE,186.335,0.339,
SWE,186.985,0.393,
SWE,199.268,0.379,
SWE,208.395,0.42,
SWE,219.661,0.46,
SWE,231.362,0.488,
SWE,241.044,0.501,
SWE,245.269,0.555,
SWE,252.676,0.515,
SWE,258.906,0.528,
SWE,268.845,0.46,
SWE,279.042,0.46,
SWE,293.234,0.515,
SWE,310.987,0.569,
SWE,324.434,0.623,
SWE,331.815,0.664,
SWE,336.175,0.677,
SWE,344.381,0.718,
SWE,359.291,0.704,
SWE,372.982,0.664,
SWE,395.109,0.677,
SWE,381.229,0.636,
SWE,378.155,0.609,
SWE,420.08,0.664,
SWE,481.831,0.731,
SWE,560.671,0.772,
SWE,646.526,0.813,
SWE,711.351,0.826,
SWE,750.798,0.853,
SWE,804.125,0.961,
SWE,856.356,1.083,
SWE,969.566,1.178,
SWE,1147.992,1.327,
SWE,1232.52,1.463,
SWE,1359.028,1.557,
SWE,1551.673,1.706,
SWE,1697.654,1.774,
SWE,1766.947,1.652,
SWE,1839.464,1.815,
SWE,1873.128,1.869,
SWE,1986.717,1.869,
SWE,2071.665,2.058,
SWE,2156.829,2.072,
SWE,2232.311,2.329,
SWE,2355.785,2.654,
SWE,2577.37,2.695,
SWE,2767.388,2.857,
SWE,3005.859,3.006,
SWE,3189.906,3.169,
SWE,3351.229,3.345,
SWE,3471.751,3.331,
SWE,3603.066,3.399,
SWE,3703.059,3.494,
SWE,3717.305,3.71,
SWE,3855.458,3.751,
SWE,3851.477,3.886,
SWE,3805.76,4.008,
SWE,3590.188,4.09,
SWE,3466.605,4.117,
SWE,3388.591,4.32,
SWE,3310.956,4.266,
SWE,2964.029,4.604,
SWE,2777.03,4.591,
SWE,2582.813,4.753,
SWE,2515.213,4.875,
SWE,2310.203,5.105,
SWE,2021.56,5.132,
SWE,1749.275,5.038,
SWE,1466.658,4.862,
SWE,1197.528,4.821,
SWE,965.016,4.482,
SWE,844.507,4.455,
SWE,748.238,4.537,
SWE,548.727,4.482,
SWE,389.029,4.726,
SWE,345.587,4.875,
SWE,312.964,4.848,
SWE,301.481,5.051,
SWE,300.249,4.902,
SWE,296.863,4.753,
SWE,277.282,4.672,
SWE,264.539,4.415,
SWE,255.222,4.252,
SWE,246.203,4.279,
SWE,239.622,4.36,
SWE,239.73,4.32,
SWE,228.328,4.198,
SWE,223.426,4.022,
SWE,214.489,4.063,
SWE,194.934,4.022,
SWE,185.753,3.927,
SWE,182.855,3.67,
SWE,172.495,3.697,
SWE,172.143,3.494,
SWE,160.511,3.453,
SWE,155.866,3.169,
SWE,149.623,3.006,
SWE,141.972,2.898,
SWE,135.892,2.803,
SWE,136.962,2.776,
SWE,129.527,2.844,
SWE,122.648,2.83,
SWE,118.355,2.952,
SWE,121.592,2.993,
SWE,118.734,2.871,
SWE,116.026,2.817,
SWE,115.159,2.641,
SWE,115.755,2.356,
SWE,114.428,2.343,
SWE,107.346,2.261,
SWE,100.209,2.248,
SWE,98.178,2.221,
SWE,96.661,2.221,
SWE,95.402,2.14,
SWE,92.545,2.18,
SWE,85.652,1.977,
SWE,83.052,2.004,
SWE,75.739,1.801,
SWE,70.39,1.72,
SWE,67.939,1.598,
SWE,67.059,1.652,
SWE,60.193,1.747,
SWE,59.259,1.815,
SWE,55.806,1.666,
SWE,56.767,1.611,
SWE,55.007,1.611,
SWE,55.372,1.639,
SWE,55.481,1.639,
SWE,60.166,1.463,
SWE,56.198,1.368,
SWE,54.424,1.354,
SWE,49.82,1.286,
SWE,45.541,1.165,
SWE,42.616,1.043,
SWE,41.614,0.961,
SWE,36.116,0.961,
SWE,32.365,0.894,
SWE,32.121,0.867,
SWE,32.378,0.894,
SWE,33.76,0.921,
SWE,34.775,1.016,
SWE,34.234,0.948,
SWE,37.497,0.88,
SWE,37.348,0.907,
SWE,34.112,0.813,
SWE,31.783,0.813,
SWE,31.647,0.758,
SWE,31.173,0.691,
SWE,31.485,0.691,
SWE,29.805,0.636,
SWE,29.833,0.65,
SWE,29.223,0.677,
SWE,28.424,0.65,
SWE,26.772,0.65,
SWE,26.704,0.677,
SWE,26.285,0.704,
SWE,25.445,0.718,
SWE,24.226,0.65,
SWE,24.05,0.664,
SWE,23.942,0.596,
SWE,23.224,0.636,
SWE,22.249,0.569,
SWE,22.479,0.569,
SWE,22.683,0.609,
SWE,21.735,0.636,
SWE,23.156,0.569,
SWE,24.578,0.582,
SWE,24.619,0.596,
SWE,24.781,0.623,
SWE,24.605,0.555,
SWE,24.795,0.501,
SWE,24.93,0.488,
SWE,22.669,0.528,
SWE,19.026,0.501,
SWE,17.848,0.406,
SWE,17.929,0.366,
SWE,17.794,0.352,
SWE,17.09,0.366,
SWE,15.885,0.379,
SWE,15.126,0.352,
SWE,16.331,0.406,
SWE,16.643,0.393,
SWE,17.008,0.352,
SWE,17.036,0.311,
SWE,16.006,0.311,
SWE,17.929,0.284,
SWE,20.909,0.257,
SWE,22.818,0.244,
SWE,25.553,0.244,
SWE,25.255,0.284,
SWE,25.743,0.379,
SWE,27.585,0.352,
SWE,27.91,0.325,
SWE,26.61,0.339,
SWE,27.368,0.352,
SWE,27.138,0.406,
SWE,28.478,0.393,
SWE,29.386,0.298,
SWE,31.309,0.352,
SWE,36.184,0.393,
SWE,39.691,0.379,
SWE,42.047,0.379,
SWE,42.034,0.42,
SWE,41.858,0.433,
SWE,41.925,0.488,
SWE,44.647,0.488,
SWE,45.514,0.515,
SWE,46.719,0.582,
SWE,48.385,0.528,
SWE,53.477,0.528,
SWE,55.169,0.515,
SWE,55.833,0.582,
SWE,55.467,0.664,
SWE,54.533,0.664,
SWE,56.564,0.704,
SWE,56.997,0.799,
SWE,56.158,0.772,
SWE,56.483,0.826,
SWE,57.295,0.799,
SWE,59.015,0.785,
SWE,62.197,0.799,
SWE,64.012,0.813,
SWE,66.653,0.772,
SWE,71.785,0.799,
SWE,73.356,0.799,
SWE,73.694,0.84,
SWE,74.006,0.88,
SWE,78.123,0.961,
SWE,79.301,1.002,
SWE,79.612,1.124,
SWE,80.492,1.273,
SWE,80.899,1.49,
SWE,80.668,1.544,
SWE,80.343,1.584,
SWE,77.039,1.544,
SWE,77.649,1.584,
SWE,78.515,1.544,
SWE,77.039,1.463,
SWE,77.31,1.3,
SWE,77.337,1.286,
SWE,78.15,1.286,
SWE,79.87,1.273,
SWE,80.817,1.286,
SWE,82.713,1.368,
SWE,83.621,1.476,
SWE,84.271,1.53,
SWE,84.555,1.503,
SWE,83.797,1.503,
SWE,84.42,1.639,
SWE,85.963,1.625,
SWE,87.196,1.598,
SWE,89.633,1.544,
SWE,89.972,1.557,
SWE,89.958,1.639,
SWE,91.746,1.693,
SWE,92.504,1.639,
SWE,94.115,1.693,
SWE,93.845,1.747,
SWE,92.572,1.788,
SWE,89.918,1.828,
SWE,88.428,1.842,
SWE,87.588,1.801,
SWE,85.95,1.788,
SWE,77.689,1.733,
SWE,73.139,1.584,
SWE,69.916,1.395,
SWE,68.616,1.259,
SWE,68.318,1.165,
SWE,67.899,1.124,
SWE,67.276,1.029,
SWE,68.603,1.016,
SWE,67.221,1.11,
SWE,64.676,1.286,
SWE,64.594,1.327,
SWE,65.556,1.327,
SWE,66.72,1.3,
SWE,63.728,1.341,
SWE,64.5,1.246,
SWE,65.055,1.232,
SWE,66.896,1.124,
SWE,68.752,1.11,
SWE,68.061,1.151,
SWE,65.759,1.205,
SWE,69.077,1.259,
SWE,68.576,1.246,
SWE,68.914,1.205,
SWE,68.765,1.246,
SWE,68.454,1.286,
SWE,69.009,1.368,
SWE,69.524,1.219,
SWE,68.603,1.165,
SWE,68.887,1.3,
SWE,68.765,1.314,
SWE,68.034,1.368,
SWE,67.208,1.3,
SWE,67.181,1.219,
SWE,67.871,1.435,
SWE,68.63,1.408,
SWE,70.431,1.395,
SWE,71.758,1.381,
SWE,184.48,1.273,
SWE,183.884,1.314,
SWE,183.207,1.286,
SWE,180.092,1.273,
SWE,177.56,1.341,
SWE,171.967,1.273,
SWE,167.851,1.273,
SWE,52.461,1.314,
SWE,53.693,1.327,
SWE,54.167,1.341,
SWE,53.964,1.232,
SWE,51.581,1.219,
SWE,50.389,1.205,
SWE,48.656,1.246,
SWE,47.721,1.273,
SWE,46.408,1.232,
SWE,46.096,1.314,
SWE,46.137,1.273,
SWE,45.961,1.246,
SWE,46.232,1.259,
SWE,45.568,1.151,
SWE,45.121,1.178,
SWE,44.647,1.232,
SWE,44.349,1.138,
SWE,43.659,1.097,
SWE,43.645,1.056,
SWE,44.512,1.192,
SWE,45.69,1.259,
SWE,46.178,1.192,
SWE,47.153,1.205,
SWE,47.342,1.151,
SWE,47.775,1.192,
SWE,47.342,1.151,
SWE,46.218,1.056,
SWE,47.18,0.989,
SWE,46.191,1.016,
SWE,46.205,0.934,
SWE,45.649,1.043,
SWE,47.681,1.11,
SWE,49.482,1.165,
SWE,50.132,1.232,
SWE,49.793,1.286,
SWE,51.31,1.232,
SWE,50.904,1.273,
SWE,51.229,1.178,
SWE,49.725,1.07,
SWE,48.331,1.124,
SWE,48.1,1.043,
SWE,48.425,1.043,
SWE,48.967,1.219,
SWE,49.184,1.178,
SWE,49.807,1.192,
SWE,49.373,1.219,
SWE,49.942,1.151,
SWE,52.732,1.097,
SWE,54.844,1.219,
SWE,56.049,1.138,
SWE,57.295,1.259,
SWE,57.661,1.246,
SWE,63.186,1.314,
SWE,66.233,1.395,
SWE,73.248,1.449,
SWE,78.109,1.408,
SWE,84.894,1.463,
SWE,88.861,1.463,
SWE,91.069,1.571,
SWE,94.4,1.72,
SWE,106.818,1.788,
SWE,112.167,1.828,
SWE,118.518,2.058,
SWE,126.629,2.031,
SWE,130.502,2.14,
SWE,132.29,2.261,
SWE,138.126,2.383,
SWE,144.491,2.492,
SWE,153.618,2.857,
SWE,163.003,2.857,
SWE,168.893,3.06,
SWE,170.843,3.345,
SWE,173.43,3.602,
SWE,176.057,3.751,
SWE,178.63,3.968,
SWE,182.34,4.049,
SWE,181.663,4.333,
SWE,175.786,4.685,
SWE,171.71,4.889,
SWE,170.545,4.983,
SWE,154.999,5.119,
SWE,138.357,5.227,
SWE,131.396,5.322,
SWE,124.977,5.132,
SWE,124.463,4.956,
SWE,124.544,5.01,
SWE,121.781,5.01,
SWE,127.631,5.038,
SWE,129.446,5.241,
SWE,115.051,5.132,
SWE,104.814,5.403,
SWE,88.062,5.674,
SWE,80.614,5.457,
SWE,77.567,5.349,
SWE,73.397,5.132,
SWE,65.894,4.902,
SWE,60.275,4.821,
SWE,52.867,4.604,
SWE,52.217,4.32,
SWE,51.662,4.09,
SWE,50.619,4.008,
SWE,46.123,3.995,
SWE,39.231,3.71,
SWE,34.586,3.575,
SWE,31.525,3.345,
SWE,28.519,3.223,
SWE,27.111,3.115,
SWE,26.407,2.83,
SWE,23.983,2.586,
SWE,22.493,2.505,
SWE,20.732,2.37,
SWE,20.042,2.275,
SWE,19.27,2.031,
SWE,19.107,1.964,
SWE,18.81,1.896,
SWE,18.444,1.801,
SWE,17.794,1.706,
SWE,18.796,1.706,
SWE,18.81,1.611,
SWE,18.566,1.476,
SWE,18.132,1.314,
SWE,18.065,1.327,
SWE,17.848,1.232,
SWE,16.9,1.192,
SWE,15.383,1.002,
SWE,14.761,0.948,
SWE,14.422,0.961,
SWE,14.436,0.948,
SWE,14.111,0.853,
SWE,13.813,0.813,
SWE,13.799,0.745,
SWE,13.366,0.758,
SWE,12.58,0.785,
SWE,11.714,0.731,
SWE,11.145,0.677,
SWE,11.009,0.65,
SWE,10.4,0.704,
SWE,9.52,0.636,
SWE,9.005,0.569,
SWE,8.694,0.528,
SWE,8.707,0.542,
SWE,8.694,0.515,
SWE,8.748,0.515,
SWE,8.748,0.488,
SWE,9.195,0.488,
SWE,9.019,0.569,
SWE,9.222,0.515,
SWE,9.588,0.569,
SWE,9.615,0.691,
SWE,9.899,0.677,
SWE,10.346,0.636,
SWE,10.332,0.636,
SWE,10.82,0.555,
SWE,11.375,0.542,
SWE,11.687,0.501,
SWE,11.619,0.393,
SWE,11.795,0.42,
SWE,11.741,0.393,
SWE,12.052,0.501,
SWE,12.039,0.488,
SWE,11.592,0.542,
SWE,11.646,0.46,
SWE,11.89,0.447,
SWE,11.822,0.42,
SWE,9.967,0.406,
SWE,7.597,0.257,
SWE,5.539,0.217,
SWE,3.995,0.108,
SWE,1.964,0.081,
SWE,0.867,0.054,
SWE,14.192,0.704,
SWE,14.192,0.704,
SWE,14.192,0.704,
SWE,14.192,0.704,
SWE,14.192,0.704,
SWE,14.192,0.704,
SWE,14.192,0.704,
SWE,13.758,0.636,
SWE,13.758,0.636,
SWE,13.758,0.636,
SWE,13.758,0.636,
SWE,13.758,0.636,
SWE,13.758,0.636,
SWE,13.758,0.636,
SWE,14.192,0.691,
SWE,14.192,0.691,
SWE,14.192,0.691,
SWE,14.192,0.691,
SWE,14.192,0.691,
SWE,14.192,0.691,
SWE,14.192,0.691,
SWE,16.25,0.731,
SWE,16.25,0.731,
SWE,16.25,0.731,
SWE,16.25,0.731,
SWE,16.25,0.731,
SWE,16.25,0.731,
SWE,16.25,0.731,
SWE,15.857,0.934,
SWE,15.857,0.934,
SWE,15.857,0.934,
SWE,15.857,0.934,
SWE,15.857,0.934,
SWE,15.857,0.934,
SWE,15.857,0.934,
SWE,14.232,0.596,
SWE,14.232,0.596,
SWE,14.232,0.596,
SWE,14.232,0.596,
SWE,14.232,0.596,
SWE,14.232,0.596,
SWE,14.232,0.596,
SWE,12.851,0.325,
SWE,12.851,0.325,
SWE,12.851,0.325,
SWE,12.851,0.325,
SWE,12.851,0.325,
SWE,12.851,0.325,
SWE,12.851,0.325,
SWE,0.0,0.0,
SWE,0.0,0.0,
SWE,0.0,0.0,
SWE,,,
SWE,,,
SWE,,,
SWE,,,
SWE,,,
USA,,,
USA,,,
USA,,,
USA,,,
USA,,,
USA,0.0,0.0,
USA,0.0,0.0,
USA,0.0,0.0,
USA,0.0,0.0,
USA,0.0,0.0,
USA,0.0,0.0,
USA,0.0,0.0,
USA,0.0,0.0,
USA,0.0,0.0,
USA,0.0,0.0,
USA,0.0,0.0,
USA,0.0,0.0,
USA,0.0,0.0,
USA,0.0,0.0,
USA,0.0,0.0,
USA,0.0,0.0,
USA,0.0,0.0,
USA,0.003,0.0,
USA,0.003,0.0,
USA,0.003,0.0,
USA,0.003,0.0,
USA,0.003,0.0,
USA,0.003,0.0,
USA,0.003,0.0,
USA,0.001,0.0,
USA,0.001,0.0,
USA,0.001,0.0,
USA,0.002,0.0,
USA,0.004,0.0,
USA,0.005,0.0,
USA,0.005,0.0,
USA,0.005,0.0,
USA,0.005,0.0,
USA,0.004,0.0,
USA,0.003,0.0,
USA,0.001,0.0,
USA,0.0,0.0,
USA,0.001,0.0,
USA,0.002,0.0,
USA,0.002,0.0,
USA,0.002,0.0,
USA,0.002,0.0,
USA,0.003,0.0,
USA,0.005,0.0,
USA,0.005,0.0,
USA,0.005,0.0,
USA,0.007,0.0,
USA,0.01,0.0,
USA,0.01,0.0,
USA,0.011,0.0,
USA,0.011,0.0,
USA,0.013,0.0,
USA,0.014,0.0,
USA,0.014,0.0,
USA,0.014,0.001,
USA,0.022,0.001,
USA,0.035,0.003,
USA,0.055,0.005,
USA,0.081,0.005,
USA,0.112,0.006,
USA,0.165,0.008,
USA,0.223,0.009,
USA,0.305,0.011,
USA,0.455,0.01,
USA,0.643,0.012,
USA,0.835,0.016,
USA,1.109,0.018,
USA,1.463,0.021,
USA,1.916,0.024,
USA,2.728,0.03,
USA,3.564,0.038,
USA,4.718,0.046,
USA,6.549,0.068,
USA,8.824,0.095,
USA,11.607,0.129,
USA,14.939,0.171,
USA,18.584,0.213,
USA,22.125,0.273,
USA,25.547,0.35,
USA,29.454,0.45,
USA,34.674,0.565,
USA,40.073,0.731,
USA,44.956,0.919,
USA,51.458,1.15,
USA,53.477,1.347,
USA,58.514,1.674,
USA,64.662,2.02,
USA,69.441,2.429,
USA,74.387,2.805,
USA,79.227,3.22,
USA,79.575,3.731,
USA,85.104,4.178,
USA,87.678,4.647,
USA,89.989,5.112,
USA,92.081,5.5,
USA,92.555,5.865,
USA,92.302,6.141,
USA,92.348,6.134,
USA,90.919,6.224,
USA,89.189,6.367,
USA,85.414,6.583,
USA,84.042,6.673,
USA,82.833,6.714,
USA,81.458,6.568,
USA,81.026,6.626,
USA,81.526,6.698,
USA,81.808,6.8,
USA,84.03,6.585,
USA,84.755,6.39,
USA,86.64,6.292,
USA,88.887,6.31,
USA,88.884,6.117,
USA,87.757,5.869,
USA,86.915,5.631,
USA,85.355,5.714,
USA,84.514,5.821,
USA,83.798,5.758,
USA,81.555,5.638,
USA,81.498,5.587,
USA,80.892,5.494,
USA,80.446,5.631,
USA,79.882,5.599,
USA,78.755,5.512,
USA,76.961,5.388,
USA,75.958,5.338,
USA,73.732,5.195,
USA,72.73,5.095,
USA,73.162,4.714,
USA,69.74,4.362,
USA,72.312,4.324,
USA,71.381,4.278,
USA,71.45,4.171,
USA,71.138,4.11,
USA,72.318,4.073,
USA,71.482,3.923,
USA,74.088,3.867,
USA,70.519,3.504,
USA,70.238,3.614,
USA,68.288,3.486,
USA,68.598,3.428,
USA,67.177,3.318,
USA,65.314,3.163,
USA,63.625,3.125,
USA,62.777,3.196,
USA,61.839,2.876,
USA,62.963,2.863,
USA,63.307,2.814,
USA,62.369,2.816,
USA,63.832,2.868,
USA,64.333,2.757,
USA,62.934,2.602,
USA,63.251,2.528,
USA,62.895,2.428,
USA,61.624,2.394,
USA,62.044,2.43,
USA,61.033,2.385,
USA,61.661,2.326,
USA,62.514,2.327,
USA,64.136,2.268,
USA,65.466,2.274,
USA,66.447,2.231,
USA,67.477,2.125,
USA,70.094,2.06,
USA,71.629,1.976,
USA,74.006,1.873,
USA,76.021,1.881,
USA,78.991,1.835,
USA,81.765,1.803,
USA,85.188,1.757,
USA,90.724,1.787,
USA,95.582,1.791,
USA,103.395,2.589,
USA,109.069,2.568,
USA,113.37,2.575,
USA,117.694,2.586,
USA,121.84,2.606,
USA,125.795,2.57,
USA,135.095,2.608,
USA,138.655,1.836,
USA,144.494,1.88,
USA,146.743,1.857,
USA,147.938,1.866,
USA,153.109,1.924,
USA,157.121,2.036,
USA,159.416,2.161,
USA,162.157,2.27,
USA,165.625,2.335,
USA,173.769,2.483,
USA,181.483,2.643,
USA,183.815,2.699,
USA,187.093,2.693,
USA,190.308,2.712,
USA,193.365,2.766,
USA,196.901,2.815,
USA,196.505,2.864,
USA,197.067,2.903,90.313
USA,198.01,2.96,92.678
USA,197.512,3.078,93.645
USA,197.523,3.107,94.209
USA,199.196,3.177,96.97
USA,197.591,3.263,99.474
USA,195.172,3.323,102.347
USA,194.221,3.331,105.348
USA,192.315,3.36,107.231
USA,190.361,3.348,108.779
USA,187.168,3.342,112.386
USA,184.211,3.404,114.021
USA,182.113,3.44,113.988
USA,179.924,3.447,112.451
USA,177.006,3.435,109.385
USA,173.342,3.399,108.165
USA,170.533,3.361,106.758
USA,166.621,3.395,102.714
USA,161.141,3.315,98.64
USA,158.743,3.293,97.591
USA,156.745,3.242,96.479
USA,154.897,3.233,95.69
USA,154.072,3.209,94.543
USA,156.987,3.22,93.606
USA,156.48,3.247,93.331
USA,155.787,3.241,93.58
USA,153.149,3.127,93.65
USA,152.92,3.088,95.078
USA,150.818,3.084,94.925
USA,150.063,3.017,94.384
USA,142.744,2.945,93.872
USA,139.442,2.919,91.939
USA,137.189,2.837,91.289
USA,133.355,2.82,89.902
USA,129.729,2.842,87.514
USA,127.497,2.82,86.399
USA,125.017,2.798,86.831
USA,124.573,2.777,86.113
USA,124.512,2.692,87.57
USA,124.822,2.667,87.839
USA,124.553,2.679,88.463
USA,123.86,2.608,88.862
USA,124.039,2.558,88.137
USA,125.298,2.545,87.126
USA,124.708,2.536,86.13
USA,123.533,2.461,84.354
USA,122.837,2.464,81.862
USA,124.683,2.409,80.079
USA,124.776,2.393,78.643
USA,123.764,2.38,77.298
USA,117.928,2.322,78.678
USA,113.23,2.193,80.629
USA,109.435,2.168,81.809
USA,106.61,2.119,82.657
USA,103.724,2.102,83.963
USA,103.404,2.043,82.858
USA,102.834,2.058,83.523
USA,106.829,2.033,80.369
USA,110.529,2.138,77.614
USA,114.435,2.253,74.847
USA,116.946,2.211,73.017
USA,118.654,2.186,71.004
USA,119.419,2.191,71.51
USA,120.078,2.091,71.081
USA,123.061,2.166,71.708
USA,128.429,2.107,71.731
USA,127.471,2.024,72.071
USA,128.075,2.027,72.884
USA,128.704,2.017,73.538
USA,128.642,2.013,74.959
USA,129.107,2.02,76.009
USA,127.842,1.962,76.904
USA,123.346,2.019,78.255
USA,125.153,1.928,78.988
USA,125.433,1.925,80.529
USA,125.99,1.979,81.599
USA,128.394,1.937,84.221
USA,128.488,1.978,87.993
USA,129.839,2.024,90.42
USA,131.01,1.956,92.77
USA,133.829,1.997,95.329
USA,137.832,1.997,96.92
USA,141.151,1.949,99.524
USA,143.891,1.998,99.749
USA,147.543,1.987,99.908
USA,150.728,1.983,101.519
USA,154.463,1.99,102.835
USA,156.42,2.006,105.25
USA,159.352,1.99,107.52
USA,163.695,2.027,109.377
USA,163.835,2.032,111.035
USA,165.72,2.1,113.314
USA,170.88,2.149,115.224
USA,174.361,2.207,117.825
USA,179.187,2.308,119.472
USA,184.194,2.4,121.635
USA,189.794,2.417,122.395
USA,198.93,2.477,123.353
USA,205.992,2.421,124.6
USA,209.464,2.451,127.61
USA,216.313,2.495,130.604
USA,222.966,2.497,134.447
USA,229.818,2.579,136.315
USA,236.228,2.574,139.055
USA,243.239,2.619,142.869
USA,275.321,2.664,146.685
USA,282.755,2.688,149.839
USA,292.695,2.745,153.7
USA,305.138,2.844,157.764
USA,318.524,2.894,163.922
USA,333.65,3.042,169.724
USA,349.287,3.107,175.069
USA,336.646,3.18,182.258
USA,352.397,3.261,189.228
USA,372.435,3.533,195.424
USA,389.236,3.626,201.162
USA,405.904,3.676,206.421
USA,424.338,3.681,211.815
USA,438.877,3.84,216.991
USA,449.821,3.902,222.496
USA,462.02,3.939,227.441
USA,471.058,3.904,232.126
USA,478.34,4.037,237.326
USA,489.48,4.279,241.388
USA,496.397,4.569,244.013
USA,500.461,4.676,246.59
USA,505.62,4.792,250.424
USA,508.592,4.959,253.762
USA,511.899,5.085,255.458
USA,521.695,5.277,251.323
USA,503.261,5.174,254.146
USA,490.873,5.046,258.308
USA,478.506,4.954,260.901
USA,474.827,4.945,263.706
USA,471.235,5.001,265.766
USA,478.64,5.208,269.269
USA,485.386,5.405,277.933
USA,515.686,5.856,280.402
USA,540.927,6.25,280.47
USA,566.687,6.618,282.098
USA,581.821,6.747,283.086
USA,594.991,6.928,286.497
USA,609.46,7.005,290.485
USA,614.18,7.244,294.129
USA,610.824,7.229,297.496
USA,620.128,7.48,300.299
USA,625.018,7.508,302.82
USA,626.861,7.697,306.962
USA,633.244,7.69,308.354
USA,621.279,7.773,308.31
USA,629.309,7.801,308.304
USA,645.217,8.068,308.59
USA,641.009,7.967,309.953
USA,634.732,8.088,311.75
USA,636.909,8.111,313.465
USA,630.722,8.184,316.096
USA,630.345,8.24,317.733
USA,624.405,8.176,315.487
USA,605.844,8.043,310.201
USA,574.369,7.742,313.985
USA,551.071,7.287,315.913
USA,537.521,7.208,315.437
USA,534.658,7.23,316.474
USA,539.365,7.424,319.282
USA,543.426,7.646,323.79
USA,554.804,7.955,328.978
USA,583.183,8.298,331.281
USA,616.206,8.608,332.073
USA,637.792,8.668,336.49
USA,636.753,8.604,339.126
USA,650.916,8.665,340.069
USA,660.177,8.704,342.949
USA,677.184,8.798,347.805
USA,704.025,9.078,343.628
USA,717.106,9.512,340.864
USA,725.14,9.727,336.54
USA,737.728,9.941,332.824
USA,727.312,9.985,330.382
USA,714.064,10.074,328.162
USA,694.562,9.983,324.704
USA,671.425,9.844,321.496
USA,651.669,9.903,318.091
USA,635.664,9.922,311.928
USA,614.585,9.802,304.913
USA,586.062,9.438,297.969
USA,569.967,9.336,291.945
USA,554.791,9.375,285.187
USA,534.563,9.499,279.19
USA,515.983,9.298,272.468
USA,496.967,9.247,268.672
USA,489.107,9.157,264.049
USA,487.295,9.51,259.059
USA,474.922,9.563,250.214
USA,461.906,9.57,243.569
USA,451.272,9.396,238.033
USA,440.001,9.292,233.794
USA,427.495,9.213,226.152
USA,424.73,9.294,220.444
USA,414.336,9.029,215.818
USA,393.096,8.746,212.676
USA,378.653,8.432,209.043
USA,362.01,8.488,204.878
USA,349.914,8.478,200.0
USA,341.888,8.258,195.374
USA,321.484,8.021,189.754
USA,308.852,7.82,182.95
USA,304.49,7.623,176.411
USA,294.746,7.676,169.724
USA,283.177,8.377,164.98
USA,272.637,8.594,159.869
USA,261.861,8.51,153.711
USA,252.292,8.391,149.564
USA,237.704,7.942,145.393
USA,223.105,7.676,141.731
USA,210.023,7.251,139.253
USA,199.949,6.095,137.187
USA,191.625,5.471,136.661
USA,187.071,5.451,135.916
USA,186.123,5.493,133.909
USA,191.735,5.625,131.902
USA,195.362,5.538,129.102
USA,196.811,5.792,125.709
USA,196.683,5.642,123.205
USA,197.86,5.555,119.838
USA,196.147,5.345,115.895
USA,194.159,5.275,112.365
USA,187.233,5.026,109.891
USA,184.566,4.993,108.578
USA,181.551,4.429,106.994
USA,177.675,4.411,105.126
USA,173.204,4.261,104.307
USA,169.482,4.205,103.346
USA,165.93,3.985,102.684
USA,166.068,4.016,101.304
USA,164.258,3.881,101.046
USA,162.106,3.797,100.083
USA,162.16,3.614,99.456
USA,159.865,3.48,99.119
USA,161.331,3.377,98.761
USA,161.681,3.331,98.049
USA,160.717,3.184,98.005
USA,159.802,2.972,97.047
USA,161.21,2.82,97.49
USA,160.281,2.645,97.547
USA,162.892,2.544,97.7
USA,162.047,2.503,98.537
USA,164.03,2.606,99.338
USA,166.512,2.564,100.358
USA,170.073,2.585,101.18
USA,171.031,2.596,101.732
USA,176.441,2.581,103.411
USA,178.446,2.637,104.192
USA,181.836,2.664,104.671
USA,185.969,2.5,104.869
USA,187.702,2.489,105.185
USA,188.355,2.414,105.72
USA,191.868,2.345,106.429
USA,190.015,2.26,106.781
USA,190.222,2.2,107.916
USA,187.041,2.163,109.776
USA,186.359,2.085,111.419
USA,187.148,2.093,112.501
USA,189.285,2.04,113.743
USA,190.023,2.061,114.671
USA,192.544,2.07,115.874
USA,194.409,2.084,116.563
USA,197.583,2.057,116.238
USA,199.287,2.129,116.291
USA,202.897,2.13,116.406
USA,201.22,2.114,117.021
USA,199.558,2.083,117.843
USA,197.302,2.059,117.911
USA,201.145,2.011,117.846
USA,199.498,2.024,117.453
USA,188.875,1.994,116.917
USA,182.588,1.992,116.001
USA,179.377,1.986,113.932
USA,175.146,1.982,111.611
USA,171.491,1.994,109.654
USA,160.716,2.005,107.884
USA,157.131,1.978,106.391
USA,154.985,1.98,104.659
USA,152.027,1.895,103.337
USA,148.373,1.923,102.714
USA,145.908,1.91,101.156
USA,142.907,1.897,99.722
USA,141.494,1.881,99.069
USA,139.697,1.909,97.544
USA,140.86,1.91,96.06
USA,137.583,1.964,94.215
USA,133.421,1.914,92.211
USA,127.952,1.88,91.028
USA,123.446,1.88,89.234
USA,118.661,1.877,87.209
USA,114.837,1.838,85.152
USA,111.218,1.806,83.366
USA,107.215,1.774,81.495
USA,103.517,1.759,79.589
USA,102.564,1.722,77.661
USA,98.542,1.678,76.266
USA,95.508,1.607,74.575
USA,92.906,1.619,73.02
USA,90.824,1.606,71.814
USA,88.529,1.611,70.31
USA,85.027,1.57,69.024
USA,79.754,1.552,68.107
USA,76.692,1.53,67.569
USA,73.477,1.516,66.99
USA,71.22,1.453,65.979
USA,69.239,1.535,64.474
USA,67.943,1.496,63.806
USA,66.247,1.468,62.402
USA,63.723,1.47,60.537
USA,62.419,1.492,58.911
USA,59.634,1.447,57.087
USA,58.08,1.433,54.238
USA,55.819,1.296,53.043
USA,49.216,1.218,51.456
USA,46.08,1.207,50.265
USA,44.467,1.179,49.319
USA,41.854,1.13,48.349
USA,41.477,1.169,47.513
USA,40.942,1.24,47.675
USA,41.149,1.278,46.404
USA,43.42,1.27,45.559
USA,44.937,1.226,44.917
USA,43.997,1.185,44.187
USA,42.046,1.108,43.82
USA,41.039,1.03,43.501
USA,40.041,0.915,42.543
USA,39.356,0.863,42.062
USA,38.638,0.864,41.287
USA,35.927,0.843,40.604
USA,34.897,0.799,40.054
USA,34.048,0.744,39.422
USA,34.048,0.762,38.961
USA,34.186,0.792,39.029
USA,34.31,0.821,38.783
USA,34.593,0.817,38.887
USA,34.856,0.813,38.701
USA,35.737,0.828,39.029
USA,37.008,0.887,39.528
USA,37.407,0.883,39.989
USA,38.095,0.862,40.19
USA,38.885,0.827,40.696
USA,39.825,0.816,41.018
USA,38.895,0.782,42.254
USA,40.168,0.771,42.738
USA,40.978,0.725,43.09
USA,40.934,0.687,43.622
USA,40.842,0.667,44.282
USA,40.297,0.633,45.816
USA,42.175,0.641,47.619
USA,46.819,0.644,48.89
USA,116.477,0.632,50.921
USA,120.991,0.637,52.943
USA,124.237,0.636,55.34
USA,126.881,0.633,58.32
USA,135.22,0.715,60.123
USA,141.561,0.73,62.497
USA,148.175,0.769,65.314
USA,87.795,0.793,68.234
USA,93.993,0.815,71.158
USA,98.75,0.83,74.54
USA,103.51,0.841,78.672
USA,110.394,0.837,83.074
USA,117.177,0.829,88.265
USA,126.896,0.853,93.127
USA,140.051,0.861,98.413
USA,151.614,0.88,103.648
USA,160.759,0.91,109.202
USA,167.184,0.954,115.386
USA,178.184,1.007,122.153
USA,192.865,1.083,127.902
USA,204.62,1.123,135.582
USA,216.301,1.189,142.854
USA,231.03,1.236,148.872
USA,242.336,1.296,154.903
USA,249.929,1.347,162.532
USA,263.09,1.45,169.707
USA,273.427,1.535,177.431
USA,289.34,1.639,184.029
USA,301.37,1.748,190.375
USA,313.787,1.88,197.479
USA,330.545,1.987,204.085
USA,345.58,2.054,210.361
USA,341.628,2.081,216.882
USA,352.246,2.191,223.267
USA,359.275,2.136,228.458
USA,369.118,2.229,233.052
USA,374.347,2.38,235.662
USA,382.622,2.489,238.695
USA,388.501,2.553,242.446
USA,395.218,2.606,245.807
USA,401.561,2.704,248.192
USA,411.984,3.077,250.238
USA,421.79,3.25,252.372
USA,430.724,3.402,255.225
USA,431.558,3.513,256.644
USA,437.373,3.606,257.492
USA,442.385,3.758,257.235
USA,447.438,3.953,258.021
USA,451.13,4.021,258.429
USA,456.151,4.182,257.971
USA,462.363,4.3,256.768
USA,465.825,4.423,256.094
USA,462.105,4.543,255.633
USA,469.612,4.559,256.626
USA,475.687,4.623,255.937
USA,484.438,4.774,253.735
USA,483.233,4.887,253.289
USA,483.208,4.945,252.804
USA,479.72,4.957,251.675
USA,482.849,5.017,247.241
USA,473.307,4.953,245.396
USA,447.072,4.833,243.738
USA,435.93,4.877,242.94
USA,436.055,4.969,240.288
USA,431.823,5.103,237.486
USA,436.798,5.209,234.852
USA,432.895,5.131,234.131
USA,434.148,5.241,229.454
USA,454.194,5.617,225.325
USA,450.768,5.777,221.006
USA,443.851,5.719,217.039
USA,438.109,5.739,213.03
USA,425.031,5.676,208.676
USA,416.925,5.698,204.653
USA,408.229,5.705,201.032
USA,395.912,5.676,196.323
USA,383.076,5.614,192.255
USA,370.796,5.599,187.936
USA,359.917,5.652,184.123
USA,348.765,5.587,180.266
USA,340.57,5.513,176.576
USA,344.346,5.762,172.293
USA,336.944,5.682,168.373
USA,330.215,5.641,165.06
USA,324.213,5.594,161.752
USA,319.121,5.486,158.843
USA,313.125,5.424,156.363
USA,309.494,5.391,153.451
USA,302.947,5.138,151.719
USA,297.182,5.095,150.016
USA,297.784,5.011,147.838
USA,293.137,4.916,146.496
USA,287.996,4.934,145.233
USA,283.191,4.834,143.679
USA,279.733,4.864,141.733
USA,273.882,4.724,139.283
USA,268.746,4.665,136.821
USA,259.493,4.577,135.28
USA,252.666,4.509,133.371
USA,245.874,4.418,131.423
USA,242.67,4.351,129.584
USA,238.108,4.217,127.166
USA,235.726,4.768,124.653
USA,231.908,4.741,122.957
USA,223.556,4.739,120.571
USA,219.628,4.716,118.499
USA,214.754,4.684,116.805
USA,203.399,4.583,115.608
USA,195.127,4.436,113.811
USA,200.253,3.887,112.673
USA,209.202,3.973,111.038
USA,212.439,3.941,110.0
USA,219.006,3.837,109.226
USA,222.204,3.765,108.404
USA,221.713,3.68,106.837
USA,220.568,3.661,106.589
USA,234.667,3.731,106.087
USA,223.184,3.477,105.696
USA,220.889,3.233,105.383
USA,214.863,3.202,105.055
USA,215.458,3.128,105.581
USA,215.896,3.138,107.021
USA,218.505,3.118,108.029
USA,217.89,3.103,108.638
USA,221.39,3.161,109.462
USA,227.718,3.228,110.352
USA,221.298,3.129,111.724
USA,235.293,3.179,112.64
USA,249.35,3.208,113.604
USA,250.224,3.192,115.531
USA,257.487,3.157,117.497
USA,263.413,3.106,120.036
USA,268.506,3.146,121.233
USA,289.715,4.37,122.368
USA,285.839,4.339,123.631
USA,276.092,4.268,125.842
USA,278.27,4.251,127.598
USA,283.248,4.292,128.969
USA,285.001,4.332,129.173
USA,285.307,4.304,128.275
USA,263.708,2.867,130.616
USA,250.163,2.403,132.434
USA,252.531,2.335,134.027
USA,260.042,2.342,135.685
USA,238.125,2.547,137.967
USA,246.412,2.573,140.492
USA,257.62,2.723,146.75
USA,287.664,3.051,149.26
USA,317.149,3.507,151.636
USA,323.716,3.658,153.262
USA,323.2,3.695,156.044
USA,361.444,3.537,158.583
USA,363.496,3.625,161.675
USA,362.074,3.521,163.304
USA,359.355,3.486,164.415
USA,352.601,3.626,165.598
USA,351.171,3.591,165.148
USA,352.352,3.602,164.359
USA,353.044,3.612,163.889
USA,352.999,3.644,163.401
USA,360.081,3.821,163.319
USA,370.738,3.801,163.31
USA,379.687,3.828,163.667
USA,389.66,3.87,165.42
USA,408.285,3.862,167.522
USA,442.269,3.927,170.859
USA,475.156,4.076,175.225
USA,513.756,4.056,179.166
USA,562.802,4.927,182.861
USA,598.565,4.646,189.459
USA,610.49,4.507,199.775
USA,656.55,4.499,214.715
USA,740.306,4.633,232.913
USA,818.935,4.664,251.899
USA,918.776,4.651,272.908
USA,1047.928,3.872,292.379
USA,1145.272,3.862,311.263
USA,1224.297,3.933,328.464
USA,1300.13,3.979,345.177
USA,1485.05,3.931,361.758
USA,1629.896,4.146,377.655
USA,1726.382,4.155,392.675
USA,1816.663,4.474,408.936
USA,1977.551,4.948,419.078
USA,2039.115,5.133,427.329
USA,2079.521,5.27,435.532
USA,2232.868,5.393,442.594
USA,2262.861,5.54,447.338
USA,2327.51,5.808,452.077
USA,2367.149,5.846,455.163
USA,2386.345,6.073,453.357
USA,2393.614,6.288,448.787
USA,2364.981,6.362,446.431
USA,2239.537,6.147,443.374
USA,2261.814,5.916,439.667
USA,2229.968,6.245,432.786
USA,2181.061,6.55,424.642
USA,2129.572,6.887,419.206
USA,2071.552,6.818,415.67
USA,2027.722,6.855,411.36
USA,2045.747,7.417,402.776
USA,1892.429,7.792,392.734
USA,1793.089,7.855,383.142
USA,1707.08,7.854,374.581
USA,1600.176,7.771,365.051
USA,1555.247,7.897,354.323
USA,1489.06,7.883,341.627
USA,1305.52,7.88,328.798
USA,1222.424,8.111,316.326
USA,1120.306,8.03,300.955
USA,1026.232,7.953,287.617
USA,924.275,7.877,277.981
USA,874.694,7.767,267.883
USA,848.665,7.678,255.314
USA,734.155,7.898,243.732
USA,692.544,7.783,232.803
USA,647.354,7.693,224.612
USA,569.542,7.636,215.602
USA,516.088,7.411,206.081
USA,500.517,7.291,196.701
USA,479.962,7.296,185.595
USA,424.614,7.158,175.37
USA,386.675,6.975,166.023
USA,348.382,6.849,156.721
USA,320.8,6.738,147.631
USA,299.049,6.491,140.858
USA,287.608,6.385,135.094
USA,280.543,6.326,128.514
USA,227.385,5.535,121.86
USA,230.317,5.485,115.005
USA,216.782,5.444,109.187
USA,206.05,5.517,104.076
USA,193.525,5.509,99.752
USA,187.133,5.45,95.723
USA,181.641,5.354,91.099
USA,193.391,5.861,86.68
USA,171.769,5.32,82.896
USA,162.952,4.866,79.101
USA,153.053,4.392,75.805
USA,140.416,4.087,73.209
USA,135.614,3.98,70.726
USA,131.718,3.983,67.129
USA,123.711,3.657,63.511
USA,109.924,3.557,60.451
USA,107.106,3.735,57.82
USA,102.028,3.69,55.467
USA,98.957,3.634,53.232
USA,98.056,3.712,51.033
USA,98.134,3.639,49.422
USA,99.693,,47.702
USA,96.873,2.87,45.943
USA,93.376,2.677,44.299
USA,90.657,2.596,42.617
USA,88.149,2.399,41.636
USA,87.187,2.27,40.826
USA,87.572,2.251,39.407
USA,78.222,2.584,38.473
USA,78.339,2.371,37.379
USA,81.435,2.263,36.41
USA,82.667,2.19,36.037
USA,81.7,2.108,35.597
USA,82.811,2.099,35.02
USA,82.691,2.076,34.207
USA,79.988,2.032,33.188
USA,79.695,1.946,32.584
USA,80.995,1.916,31.999
USA,82.678,1.835,31.216
USA,82.121,1.762,30.607
USA,81.768,1.748,30.601
USA,82.104,1.758,30.409
USA,79.783,1.604,30.335
USA,83.708,1.516,30.435
USA,81.182,1.419,30.672
USA,78.54,1.343,30.571
USA,84.962,1.464,30.944
USA,85.965,1.461,30.982
USA,88.822,1.441,31.378
USA,92.049,1.441,31.627
USA,90.113,1.53,31.848
USA,91.757,1.386,32.239
USA,103.962,1.465,32.626
USA,104.703,1.319,32.756
USA,105.87,1.28,33.368
USA,106.483,1.275,33.879
USA,107.088,1.293,34.834
USA,117.489,1.164,35.656
USA,122.243,1.14,36.472
USA,116.67,1.117,37.684
USA,126.992,1.032,38.665
USA,129.797,1.041,39.549
USA,130.783,1.043,40.743
USA,136.634,0.98,42.153
USA,141.277,0.962,43.244
USA,149.612,1.039,44.184
USA,154.851,0.884,45.281
USA,159.858,0.947,46.519
USA,160.906,0.954,47.634
USA,163.301,0.985,48.92
USA,169.315,0.969,49.981
USA,172.758,1.081,51.533
USA,182.636,1.112,53.212
USA,190.277,1.117,54.598
USA,196.644,1.115,55.627
USA,197.311,1.103,56.277
USA,199.413,1.073,57.362
USA,214.988,1.077,58.533
USA,226.678,0.97,59.957
USA,238.189,0.869,61.997
USA,246.084,0.853,63.641
USA,255.468,0.83,65.527
USA,256.135,0.838,67.537
USA,262.248,0.839,69.899
USA,271.712,0.857,71.622
USA,284.113,0.846,72.769
USA,291.978,0.863,73.434
USA,296.634,0.859,74.457
USA,310.171,0.879,75.24
USA,313.257,0.886,76.316
USA,312.688,0.887,76.594
USA,307.4,0.953,77.493
USA,308.974,0.997,78.814
USA,312.14,1.036,79.831
USA,313.594,1.068,81.058
USA,312.8,1.11,81.767
USA,312.65,1.106,82.219
USA,308.675,1.102,82.225
USA,285.302,0.971,83.922
USA,294.863,0.927,85.102
USA,289.388,0.875,85.855
USA,288.706,0.886,85.894
USA,285.312,0.836,86.059
USA,290.135,0.836,86.565
USA,293.45,0.865,88.466
USA,312.089,0.957,87.972
USA,310.537,1.004,88.226
USA,312.061,1.032,88.625
USA,309.698,0.994,89.633
USA,312.937,0.965,90.245
USA,308.814,0.989,91.185
USA,306.874,0.973,91.572
USA,303.366,0.969,92.167
USA,297.329,0.945,92.409
USA,296.744,0.914,92.521
USA,293.201,0.929,92.181
USA,283.888,0.93,92.323
USA,283.105,0.91,92.415
USA,281.752,0.92,92.826
USA,265.235,0.858,93.84
USA,285.708,0.898,95.04
USA,281.918,0.921,97.053
USA,283.731,1.002,99.503
USA,299.674,1.056,101.582
USA,303.12,1.061,103.237
USA,306.777,1.044,104.963
USA,325.479,1.093,106.175
USA,312.092,1.141,107.207
USA,318.326,1.111,108.129
USA,322.966,1.104,108.611
USA,326.758,1.116,109.285
USA,328.517,1.129,109.598
USA,329.369,1.133,108.924
USA,307.924,1.076,111.461
USA,314.214,1.01,114.142
USA,312.86,1.029,116.734
USA,316.128,1.035,118.901
USA,314.088,1.036,120.882
USA,317.212,1.023,123.134
USA,321.832,1.033,126.746
USA,350.51,1.1,128.168
USA,356.61,1.177,128.901
USA,360.939,1.224,129.15
USA,368.704,1.209,129.821
USA,375.092,1.176,130.199
USA,375.937,1.196,130.994
USA,375.487,1.223,132.916
USA,370.432,1.253,133.767
USA,368.422,1.276,134.615
USA,369.639,1.261,135.691
USA,373.635,1.277,136.206
USA,383.735,1.346,136.815
USA,381.911,1.348,137.217
USA,381.29,1.348,136.457
USA,383.282,1.328,135.774
USA,378.765,1.296,135.36
USA,379.587,1.305,135.029
USA,378.063,1.316,133.992
USA,400.326,1.315,133.105
USA,393.845,1.305,132.327
USA,386.812,1.282,131.461
USA,392.148,1.323,131.124
USA,389.052,1.361,130.696
USA,384.408,1.369,130.036
USA,378.736,1.386,130.217
USA,332.788,1.377,129.915
USA,330.815,1.388,129.079
USA,328.645,1.389,129.052
USA,320.026,1.362,128.455
USA,309.857,1.396,127.787
USA,305.01,1.421,126.888
USA,302.358,1.432,125.7
USA,296.288,1.454,124.636
USA,295.168,1.441,123.713
USA,290.223,1.439,122.123
USA,290.525,1.442,120.689
USA,286.031,1.412,119.013
USA,278.285,1.406,117.062
USA,273.717,1.384,116.042
USA,272.347,1.364,115.664
USA,271.517,1.368,115.244
USA,274.388,1.373,114.171
USA,266.938,1.359,112.971
USA,262.445,1.335,111.901
USA,266.91,1.338,111.529
USA,265.131,1.339,110.843
USA,257.737,1.36,109.734
USA,257.97,1.369,109.087
USA,257.622,1.369,108.502
USA,256.165,1.353,107.884
USA,256.26,1.335,106.849
USA,252.182,1.377,105.17
USA,249.437,1.361,103.612
USA,245.083,1.305,102.445
USA,243.282,1.285,100.834
USA,242.092,1.277,97.898
USA,218.527,1.212,96.621
USA,219.702,1.168,96.074
USA,207.353,1.093,95.734
USA,199.617,1.082,94.883
USA,189.824,1.109,93.778
USA,188.65,1.117,93.012
USA,186.944,1.106,93.086
USA,201.922,1.17,91.634
USA,176.158,1.184,90.165
USA,175.241,1.231,88.483
USA,180.432,1.32,87.257
USA,171.831,1.224,86.45
USA,169.906,1.209,85.823
USA,169.894,1.206,85.235
USA,164.353,1.19,84.2
USA,160.811,1.166,83.272
USA,158.471,1.123,82.355
USA,159.161,1.152,81.049
USA,155.71,1.142,79.825
USA,154.991,1.144,78.649
USA,152.925,1.147,77.487
USA,149.905,1.149,76.251
USA,146.017,1.131,74.8
USA,143.566,1.324,73.821
USA,138.479,1.258,73.304
USA,135.655,1.259,72.834
USA,134.105,1.269,72.497
USA,133.498,1.257,71.947
USA,131.27,1.236,71.388
USA,130.117,1.228,71.054
USA,124.212,1.064,70.809
USA,120.6,1.087,70.608
USA,118.488,1.081,70.212
USA,118.121,1.059,69.748
USA,117.853,1.068,69.576
USA,114.496,1.062,69.296
USA,114.708,1.043,69.183
USA,111.866,0.994,69.021
USA,109.497,0.991,68.666
USA,106.114,0.96,68.536
USA,103.883,0.941,68.172
USA,103.009,0.911,67.69
USA,106.996,0.939,67.954
USA,107.352,0.967,68.054
USA,83.085,0.692,67.906
USA,134.049,1.358,68.279
USA,119.819,1.248,68.601
USA,117.264,1.237,68.988
USA,112.555,1.234,69.636
USA,98.256,1.135,70.404
USA,81.787,0.938,70.753
USA,189.537,2.239,70.889
USA,107.75,1.301,70.422
USA,107.75,1.301,70.182
USA,107.75,1.301,69.893
USA,107.75,1.301,69.709
USA,107.75,1.301,69.701
USA,107.75,1.301,69.94
USA,112.88,1.04,70.573
USA,112.88,1.04,71.341
USA,112.88,1.04,72.012
USA,112.88,1.04,73.002
USA,112.88,1.04,73.47
USA,112.88,1.04,72.733
USA,112.88,1.04,72.119
USA,119.465,0.967,71.595
USA,119.465,0.967,71.811
USA,119.465,0.967,71.779
USA,119.465,0.967,71.335
USA,119.465,0.967,70.839
USA,119.465,0.967,71.436
USA,119.465,0.967,71.793
USA,116.124,0.93,72.837
USA,116.124,0.93,73.136
USA,116.124,0.93,73.629
USA,116.124,0.93,74.64
USA,116.124,0.93,76.26
USA,116.124,0.93,77.505
USA,116.124,0.93,78.675
USA,126.76,1.106,78.102
USA,126.76,1.106,80.177
USA,126.76,1.106,82.89
USA,126.76,1.106,86.145
USA,126.76,1.106,89.716
USA,126.76,1.106,93.042
USA,126.76,1.106,96.063
USA,127.785,0.745,100.05
USA,127.785,0.745,101.487
USA,127.785,0.745,102.146
USA,127.785,0.745,102.276
USA,127.785,0.745,102.758
USA,127.785,0.745,103.175
USA,127.785,0.745,103.778
USA,195.193,1.282,104.13
USA,195.193,1.282,105.135
USA,195.193,1.282,105.877
USA,195.193,1.282,106.217
USA,195.193,1.282,106.583
USA,195.193,1.282,106.894
USA,195.193,1.282,108.451
USA,188.348,1.12,110.054
USA,188.348,1.12,111.227
USA,188.348,1.12,112.386
USA,188.348,1.12,113.376
USA,188.348,1.12,114.564
USA,188.348,1.12,115.773
USA,188.348,1.12,116.406
USA,214.528,1.281,116.852
USA,214.528,1.281,116.805
USA,214.528,1.281,116.906
USA,214.528,1.281,116.755
USA,214.528,1.281,118.466
USA,214.528,1.281,121.907
USA,214.528,1.281,125.57
USA,165.624,1.047,130.119
USA,165.624,1.047,134.125
USA,165.624,1.047,137.184
USA,165.624,1.047,140.244
USA,165.624,1.047,140.557
USA,165.624,1.047,139.868
USA,165.624,1.047,138.112
USA,199.201,1.167,135.792
USA,199.201,1.167,132.655
USA,199.201,1.167,129.838
USA,199.201,1.167,126.968
USA,199.201,1.167,124.302
USA,199.201,1.167,121.006
USA,199.201,1.167,117.949
USA,189.226,1.861,114.452
USA,189.226,1.861,112.04
USA,189.226,1.861,109.267
USA,189.226,1.861,106.332
USA,189.226,1.861,103.589
USA,189.226,1.861,100.946
USA,189.226,1.861,98.537
USA,130.077,1.547,96.485
USA,130.077,1.547,94.496
USA,130.077,1.547,92.947
USA,130.077,1.547,91.756
USA,130.077,1.547,90.393
USA,130.077,1.547,89.086
USA,130.077,1.547,87.192
USA,124.52,1.581,85.521
USA,124.52,1.581,84.422
USA,124.52,1.581,83.961
USA,124.52,1.581,83.443
USA,124.52,1.581,82.308
USA,124.52,1.581,81.052
USA,124.52,1.581,80.443
USA,120.523,1.458,79.668
USA,120.523,1.458,79.012
USA,120.523,1.458,78.137
USA,120.523,1.458,77.921
USA,120.523,1.458,77.912
USA,120.523,1.458,78.051
USA,120.523,1.458,78.184
USA,117.493,1.453,78.486
USA,117.493,1.453,78.734
USA,117.493,1.453,78.699
USA,117.493,1.453,78.111
USA,117.493,1.453,77.75
USA,117.493,1.453,77.513
USA,117.493,1.453,77.274
USA,107.419,1.206,76.724
USA,107.419,1.206,76.053
USA,107.419,1.206,75.985
USA,107.419,1.206,75.888
USA,107.419,1.206,75.642
USA,107.419,1.206,74.761
USA,107.419,1.206,73.7
USA,0.0,0.0,72.665
USA,112.823,0.997,71.832
USA,112.823,0.997,70.794
USA,112.823,0.997,70.573
USA,112.823,0.997,69.845
USA,112.823,0.997,68.885
USA,112.823,0.997,68.104
USA,112.823,0.997,67.569
USA,96.21,0.928,66.771
USA,96.21,0.928,66.357
USA,96.21,0.928,65.453
USA,96.21,0.928,64.081
USA,96.21,0.928,63.085
USA,96.21,0.928,62.056
USA,96.21,0.928,60.951
USA,72.04,0.797,60.167
USA,72.04,0.797,59.074
USA,72.04,0.797,57.805
USA,72.04,0.797,57.001
USA,72.04,0.797,56.259
USA,72.04,0.797,55.99
USA,72.04,0.797,55.246
USA,53.468,0.735,54.134
USA,53.468,0.735,53.629
USA,53.468,0.735,53.108
USA,53.468,0.735,52.461
USA,53.468,0.735,51.938
USA,53.468,0.735,51.211
USA,53.468,0.735,51.154
USA,64.597,0.88,51.258
USA,64.597,0.88,51.145
USA,64.597,0.88,50.702
USA,64.597,0.88,50.176
USA,64.597,0.88,49.673
USA,64.597,0.88,48.84
USA,64.597,0.88,47.92
USA,74.475,0.737,47.246
USA,74.475,0.737,46.593
USA,74.475,0.737,46.537
USA,74.475,0.737,46.233
USA,74.475,0.737,45.588
USA,74.475,0.737,44.885
USA,74.475,0.737,44.172
USA,0.0,0.0,43.031
USA,43.695,0.73,42.23
USA,43.695,0.73,41.417
USA,43.695,0.73,40.616
USA,43.695,0.73,39.96
USA,43.695,0.73,39.738
USA,43.695,0.73,39.38
USA,43.695,0.73,39.732
USA,43.942,0.545,39.729
USA,43.942,0.545,39.383
USA,43.942,0.545,38.656
USA,43.942,0.545,37.941
USA,43.942,0.545,37.131
USA,43.942,0.545,36.274
USA,43.942,0.545,35.248
USA,41.582,0.506,34.512
USA,41.582,0.506,33.652
USA,41.582,0.506,32.815
USA,41.582,0.506,32.058
USA,41.582,0.506,31.302
USA,41.582,0.506,30.926
USA,41.582,0.506,30.495
USA,36.522,0.442,30.379
USA,36.522,0.442,30.14
USA,36.522,0.442,30.007
USA,36.522,0.442,29.897
USA,36.522,0.442,29.646
USA,36.522,0.442,29.262
USA,36.522,0.442,28.978
USA,32.586,0.484,28.824
USA,32.586,0.484,28.798
USA,32.586,0.484,28.742
USA,32.586,0.484,28.558
USA,32.586,0.484,28.479
USA,32.586,0.484,28.251
USA,32.586,0.484,27.837
USA,39.383,0.821,27.092
USA,,,26.531
USA,,,26.114
USA,,,25.916
USA,,,25.508
USA,,,25.525
USA,,,25.508
